workload,threads,keys,elements,capacity,zipf,heavy hitter,t1,t2,t3,t4,t5,t6,t7,t8,t9,initialization,ticketing,update,materialization
CuckooMap,1,1000,100000000,1000,0,0,3.670147044,3.669374417,3.669801081,3.668926886,3.672213295,3.6620747319999998,3.67204403,3.670189729,3.672428825
DashMap,1,1000,100000000,1000,0,0,1.032540574,1.043687852,1.042078997,1.043128671,1.041500886,1.0438213,1.043614554,1.043477546,1.043341768
FolkloreMap,1,1000,100000000,1000,0,0,0.368817454,0.366587689,0.366841335,0.368685016,0.369475165,0.367863609,0.369058931,0.368577328,0.359127484
IcebergMap,1,1000,100000000,1000,0,0,0.509263746,0.518983486,0.518658481,0.509399503,0.519184703,0.519095674,0.519739014,0.518299946,0.518781819
LeapMap,1,1000,100000000,1000,0,0,1.052155323,1.060561662,1.061276682,1.052477498,1.060186418,1.059288533,1.053359784,1.0614031800000001,1.060741361
OnceLockMap,1,1000,100000000,1000,0,0,0.318708759,0.318797947,0.318131468,0.319295589,0.319060953,0.320529331,0.319158001,0.318129708,0.317092944
AtomicPau,1,1000,100000000,1000,0,0,0.27527941,0.274644799,0.275552375,0.277120031,0.275248309,0.273986069,0.275500786,0.277677113,0.27457821,+2.7e-6,+0e0,+2.7527284e-1,+6e-8
LockingPau,1,1000,100000000,1000,0,0,0.493021527,0.49290762,0.49091575,0.483435465,0.494740461,0.496206278,0.497686235,0.495337801,0.496043201,+3.891e-6,+0e0,+4.94732301e-1,+1.36e-6
ThreadLocalPau,1,1000,100000000,1000,0,0,0.109883123,0.110906458,0.109476649,0.118243294,0.118772106,0.117047133,0.118568699,0.110622852,0.11722532,+8e-8,+0e0,+1.16731588e-1,+3.12445e-4
AtomicE2E,1,1000,100000000,1000,0,0,0.615315368,0.606067752,0.605043208,0.60421755,0.613998909,0.614049379,0.612304785,0.617112482,0.613678244,+2.347e-5,+3.7307209585297363e-1,+2.4024044513393364e-1,+3.26e-6
LockingE2E,1,1000,100000000,1000,0,0,0.828671355,0.826976601,0.819670974,0.826330121,0.827901367,0.819845111,0.828679205,0.828588166,0.819469717,+2.628e-5,+3.719855818296197e-1,+4.5466002475737893e-1,+3.32e-6
ThreadLocalE2E,1,1000,100000000,1000,0,0,0.458035468,0.448390167,0.448576554,0.450401616,0.449375352,0.457419117,0.456859286,0.449528159,0.46050727,+2.204e-5,+3.693468599995424e-1,+8.195980537778741e-2,+3.22195e-4
PartitionedE2E,1,1000,100000000,1000,0,0,0.591162062,0.593833492,0.59130497,0.593420508,0.590974805,0.591740293,0.592406984,0.594590059,0.594467612
CuckooMap,1,10000000,100000000,10000000,0,0,12.473924015,12.565802483,12.515024392,12.619650902,12.682096683,12.685998288,12.664999148,12.679572838,12.659136568
DashMap,1,10000000,100000000,10000000,0,0,7.552879089,7.550068094,7.541426089,7.560078143,7.568335658,7.556285599,7.553427061,7.577786752,7.569256757
FolkloreMap,1,10000000,100000000,10000000,0,0,2.03458557,2.047785059,2.043948304,2.043111284,2.044085357,2.041735871,2.03299138,2.033165736,2.028823429
IcebergMap,1,10000000,100000000,10000000,0,0,3.93873648,3.9520422809999998,3.948866541,3.947981257,3.954099306,3.947053225,3.950835242,3.947980097,3.951076832
LeapMap,1,10000000,100000000,10000000,0,0,4.244080833,4.24181102,4.236978455,4.239121864,4.243985782,4.269076484,4.255822557,4.283095286,4.262029727
OnceLockMap,1,10000000,100000000,10000000,0,0,2.547532601,2.554344515,2.553656713,2.548062125,2.546840262,2.554228747,2.562759844,2.579796273,2.56468486
AtomicPau,1,10000000,100000000,10000000,0,0,0.756903472,0.756884033,0.760416578,0.757387004,0.758303441,0.757581271,0.756872921,0.756771303,0.7582455,+6.332204e-3,+0e0,+7.50445069e-1,+2e-8
LockingPau,1,10000000,100000000,10000000,0,0,3.430804576,3.436704391,3.4035542,3.408386143,3.403447333,3.428615416,3.432996426,3.468387244,3.432287047,+3.2134862e-2,+0e0,+3.396785602e0,+9.90365e-4
ThreadLocalPau,1,10000000,100000000,10000000,0,0,0.655266012,0.648751492,0.648509175,0.648652342,0.649878544,0.655094024,0.649219104,0.648971447,0.648374736,+6e-8,+0e0,+6.47877984e-1,+3.17115e-4
AtomicE2E,1,10000000,100000000,10000000,0,0,2.98389492,2.9285432179999997,2.933527879,2.968215908,2.995925824,2.942962536,2.942907874,2.969797923,2.955729183,+6.843585e-2,+2.1483945927524055e0,+7.359623128831079e-1,+1.224791e-3
LockingE2E,1,10000000,100000000,10000000,0,0,5.466006656,5.447952971,5.439104756,5.448881669,5.446345377,5.413945582,5.419750874,5.418776821,5.454165822,+7.1293524e-2,+2.153709026349278e0,+3.2120678891054397e0,+1.874282e-3
ThreadLocalE2E,1,10000000,100000000,10000000,0,0,2.8971077960000002,2.888888339,2.831955864,2.83400483,2.827235561,2.901764344,2.851393769,2.868815671,2.908813338,+6.4070104e-2,+2.1668723838838275e0,+6.384313487631019e-1,+1.756394e-3
PartitionedE2E,1,10000000,100000000,10000000,0,0,5.266173273,5.244547786,5.254768252,5.230130222,5.236546957,5.214424237,5.247667193,5.19296059,5.178106821
CuckooMap,1,10000000,100000000,10000000,0.8,0,10.121143146,10.136973512,10.130925391,10.137688855,10.125416602,10.175531364,10.205969279,10.188048041,10.213905336
DashMap,1,10000000,100000000,10000000,0.8,0,6.888989011,6.9196150549999995,7.034344702,6.872105744,6.905225789,6.910060017,7.050778126,6.8959884559999995,7.075805127
FolkloreMap,1,10000000,100000000,10000000,0.8,0,1.644026528,1.64579163,1.643365847,1.645883219,1.632947446,1.640893874,1.6408428640000001,1.640155924,1.6409748610000001
IcebergMap,1,10000000,100000000,10000000,0.8,0,3.435376727,3.481529439,3.499030099,3.486905243,3.495878424,3.47119431,3.4858731130000002,3.472077523,3.487898649
LeapMap,1,10000000,100000000,10000000,0.8,0,3.672040673,3.634806911,3.671831822,3.63590946,3.681008408,3.642385427,3.689742021,3.649159961,3.6775989730000003
OnceLockMap,1,10000000,100000000,10000000,0.8,0,1.979005147,1.979841874,1.977471789,1.9811253130000002,1.9795202170000001,1.98124505,1.9764358629999998,1.980398063,1.979093862
AtomicPau,1,10000000,100000000,10000000,0.8,0,0.737206857,0.731239907,0.7395472,0.734417199,0.739695998,0.735067269,0.732824193,0.741949893,0.740224789,+1.8617775e-2,+0e0,+7.2001556e-1,+6e-8
LockingPau,1,10000000,100000000,10000000,0.8,0,2.909536461,2.920344015,2.911749826,2.921038432,2.9125795610000003,2.919993227,2.9139249080000003,2.918414758,2.913226947,+3.8378352e-2,+0e0,+2.874431677e0,+9.99744e-4
ThreadLocalPau,1,10000000,100000000,10000000,0.8,0,0.568164242,0.560061418,0.558634079,0.560859225,0.558844455,0.559370997,0.559064042,0.560829616,0.558967353,+7e-8,+0e0,+5.58393972e-1,+3.31634e-4
AtomicE2E,1,10000000,100000000,10000000,0.8,0,2.532863251,2.502684912,2.540075119,2.478960925,2.492163852,2.500180538,2.498810869,2.497820263,2.497176193,+6.9316477e-2,+1.731578120964609e0,+6.939992299880791e-1,+1.376339e-3
LockingE2E,1,10000000,100000000,10000000,0.8,0,4.728221886,4.725343208,4.697427054,4.668461585,4.6932116740000005,4.663437479,4.69584517,4.666243271,4.663013889,+6.911555e-2,+1.756643787616356e0,+2.854121674044683e0,+1.701064e-3
ThreadLocalE2E,1,10000000,100000000,10000000,0.8,0,2.351049007,2.362708958,2.370118803,2.361935989,2.356929416,2.358143766,2.392815494,2.383811902,2.360960002,+6.1550036e-2,+1.730554228579996e0,+5.666854757158182e-1,+1.725244e-3
PartitionedE2E,1,10000000,100000000,10000000,0.8,0,4.759193074,4.73778371,4.778600672,4.741441721,4.799742054,4.756402287,4.733434848,4.822296773,4.7553395179999995
CuckooMap,1,10000000,100000000,10000000,0,0.5,8.497941092,8.49960107,8.502359514,8.367641365,8.487761718,8.509247332,8.481875418,8.497172058,8.498105259
DashMap,1,10000000,100000000,10000000,0,0.5,5.894922574,5.85919922,5.826165226,5.862767061,5.838394814,5.874716644,5.860065927,5.873928262,5.882600697
FolkloreMap,1,10000000,100000000,10000000,0,0.5,1.649338518,1.65373226,1.650235154,1.649860329,1.650908263,1.652027535,1.65108492,1.649891448,1.652909752
IcebergMap,1,10000000,100000000,10000000,0,0.5,3.296189096,3.305818827,3.305918025,3.306134711,3.308722531,3.306082371,3.307792204,3.306254646,3.309843462
LeapMap,1,10000000,100000000,10000000,0,0.5,3.371077709,3.370992009,3.372797491,3.375148455,3.377757754,3.390039575,3.393083158,3.392834041,3.391832976
OnceLockMap,1,10000000,100000000,10000000,0,0.5,1.9275008150000001,1.930194013,1.92656452,1.9109720879999998,1.928833015,1.927666362,1.928139304,1.929533654,1.9274451240000001
AtomicPau,1,10000000,100000000,10000000,0,0.5,0.750177458,0.750135088,0.753574355,0.749745454,0.750795898,0.753735483,0.749588156,0.753744033,0.749182702,+1.9097767e-2,+0e0,+7.31054771e-1,+6e-8
LockingPau,1,10000000,100000000,10000000,0,0.5,2.877185395,2.873390063,2.877832034,2.877123835,2.882809407,2.877604367,2.882905835,2.878185737,2.87081117,+4.2227852e-2,+0e0,+2.833745911e0,+9.95895e-4
ThreadLocalPau,1,10000000,100000000,10000000,0,0.5,0.573076906,0.574115221,0.574260148,0.583776462,0.582036819,0.573384181,0.585712333,0.583008054,0.573128976,+8e-8,+0e0,+5.73240564e-1,+3.22275e-4
AtomicE2E,1,10000000,100000000,10000000,0,0.5,2.481244352,2.501759838,2.462045207,2.488118456,2.498644805,2.466267662,2.50083096,2.435076801,2.454778507,+7.0269571e-2,+1.7218138171556658e0,+6.863664578443343e-1,+1.500557e-3
LockingE2E,1,10000000,100000000,10000000,0,0.5,4.249233607,4.251715408,4.249082858,4.244142374,4.2395609929999996,4.241318636,4.241075528,4.23571318,4.236014425,+6.9864576e-2,+1.700632010491698e0,+2.4685592503661113e0,+1.881101e-3
ThreadLocalE2E,1,10000000,100000000,10000000,0,0.5,2.29678554,2.321088366,2.2866997749999998,2.32016662,2.2821390040000002,2.328054769,2.349658487,2.3019748890000002,2.2943725759999998,+6.1287349e-2,+1.7098589391895598e0,+5.30735080861762e-1,+1.534316e-3
PartitionedE2E,1,10000000,100000000,10000000,0,0.5,3.415423709,3.419548065,3.426522228,3.412581131,3.420284113,3.433309642,3.42759834,3.428546875
CuckooMap,1,100000000,100000000,100000000,0,0,18.051166611,18.062989181,18.055468629,18.073174439,18.145989952,18.228932901,18.253046703,18.255679196,18.246407542
DashMap,1,100000000,100000000,100000000,0,0,11.272742428,11.271480417,11.269155,11.265665551,11.23762245,11.262651393,11.46508252,11.468511515,11.49144075
FolkloreMap,1,100000000,100000000,100000000,0,0,3.035119768,3.036640813,3.03420924,3.033938586,3.034045014,3.03683813,3.033994664,3.036768001,3.020222045
IcebergMap,1,100000000,100000000,100000000,0,0,6.482111335,6.484957652,6.47844027,6.487298954,6.4662074480000005,6.450484479,6.502240743,6.504700141,6.507895924
LeapMap,1,100000000,100000000,100000000,0,0,8.759698017,8.596263378,8.748758046,8.755971176,8.759967946,8.760892024,8.76122771,8.759543267,8.765249719
OnceLockMap,1,100000000,100000000,100000000,0,0,5.485714256,5.529989937,5.529894099,5.528695059,5.53003294,5.528899148,5.568114328,5.560794982,5.560765943
AtomicPau,1,100000000,100000000,100000000,0,0,0.819976159,0.832028582,0.829653488,0.830784302,0.830110372,0.831452811,0.830584415,0.833190535,0.831105887,+4.1209848e-2,+0e0,+7.866431e-1,+2e-8
LockingPau,1,100000000,100000000,100000000,0,0,3.561152715,3.5425590099999997,3.542808289,3.560295102,3.558747889,3.556934732,3.5599623989999998,3.554132223,3.5551989710000003,+1.11823908e-1,+0e0,+3.439415259e0,+3.770542e-3
ThreadLocalPau,1,100000000,100000000,100000000,0,0,0.767997743,0.769841604,0.768647022,0.768917899,0.778903693,0.766446507,0.766340229,0.765984945,0.766247142,+7e-8,+0e0,+7.61892838e-1,+3.24425e-4
AtomicE2E,1,100000000,100000000,100000000,0,0,3.996648737,3.994462156,3.995867079,3.994634172,3.999095528,3.994953396,3.993995526,3.995404159,3.994519247,+2.42308039e-1,+3.0361437675869754e0,+6.999193478476327e-1,+9.522172e-3
LockingE2E,1,100000000,100000000,100000000,0,0,5.79221433,5.724479341,5.719905161,5.72306576,5.723367114,5.725946462,5.720326768,5.777575456,5.78110257,+3.11643635e-1,+3.0258811949582505e0,+2.3666967490953064e0,+1.288682e-2
ThreadLocalE2E,1,100000000,100000000,100000000,0,0,3.789158043,3.7838658990000003,3.787139641,3.789912541,3.788762492,3.792536427,3.796544078,3.7882098810000002,3.797551919,+2.08304606e-1,+3.017148377265125e0,+5.481328167896379e-1,+9.64521e-3
PartitionedE2E,1,100000000,100000000,100000000,0,0,6.899311709,6.948505506,6.952573324,6.954238287,6.954541972,6.950068491,6.951657856,6.935081723,6.934905164
CuckooMap,2,1000,100000000,1000,0,0,4.353777211,3.930771223,4.321697305,4.329409399,4.28310336,4.26265977,3.9147233359999998,4.258801346,4.308474979
DashMap,2,1000,100000000,1000,0,0,1.940112152,1.909453987,1.9761108950000001,1.9084969840000001,1.899420604,1.8906949,1.897607534,1.9180947069999998,1.961432616
FolkloreMap,2,1000,100000000,1000,0,0,0.187051272,0.189257887,0.185366278,0.189924177,0.180327266,0.191599072,0.185530715,0.191214387,0.194200601
IcebergMap,2,1000,100000000,1000,0,0,0.26263969,0.264531021,0.263814533,0.265090683,0.264026389,0.264697749,0.25885251,0.264237676,0.267696603
LeapMap,2,1000,100000000,1000,0,0,0.543177943,0.543852734,0.547108923,0.534285732,0.545691355,0.545014555,0.535834918,0.534246533,0.535638701
OnceLockMap,2,1000,100000000,1000,0,0,0.159857454,0.15550933,0.161695465,0.163751803,0.160352036,0.161625446,0.160649041,0.164176977,0.166365852
AtomicPau,2,1000,100000000,1000,0,0,1.261198451,1.246779434,1.260432504,1.224843794,1.17421571,1.206942102,1.2319831350000001,1.242813207,1.245547146,+2.58e-6,+0e0,+1.242806137e0,+6e-8
LockingPau,2,1000,100000000,1000,0,0,2.683308667,2.814100172,2.827478127,2.829293029,2.6745737370000002,2.724685042,2.652241224,2.643177146,2.649065706,+3.99e-6,+0e0,+2.6833002969999997e0,+1.55e-6
ThreadLocalPau,2,1000,100000000,1000,0,0,0.063039653,0.06397358,0.067842769,0.06396492,0.066316093,0.069573862,0.060450934,0.064036048,0.064244245,+6e-8,+0e0,+6.3722343e-2,+3.03535e-4
AtomicE2E,2,1000,100000000,1000,0,0,0.503197027,0.373714993,0.35644626,0.48952952,0.399177828,0.34030953,0.361872107,0.348755259,0.451964601,+2.3919e-5,+1.861102601692583e-1,+1.8771578977414555e-1,+1.0559e-5
LockingE2E,2,1000,100000000,1000,0,0,1.016597589,1.119362267,1.003184776,0.993644634,0.997988087,1.044634085,1.055133722,1.007957624,1.028640343,+2.783e-5,+1.842881817270617e-1,+8.330005368631122e-1,+4.23e-6
ThreadLocalE2E,2,1000,100000000,1000,0,0,0.230050748,0.228149528,0.225530468,0.234764515,0.229866281,0.233652622,0.229002944,0.224729851,0.234170754,+2.278e-5,+1.8796950192790535e-1,+4.130956080076694e-2,+3.39905e-4
PartitionedE2E,2,1000,100000000,1000,0,0,0.300571626,0.295420576,0.301150667,0.295564374,0.290504252,0.300195182,0.302222021,0.295382387,0.295550174
CuckooMap,2,10000000,100000000,10000000,0,0,6.875097588,6.889442342,7.054580472,6.864451661,6.85392087,7.069350232,6.844574967,7.059040183,6.893742747
DashMap,2,10000000,100000000,10000000,0,0,5.316824569,5.315909807,5.3023296,5.305499464,5.278622113,5.302801561,5.308781382,5.311076509,5.355724232
FolkloreMap,2,10000000,100000000,10000000,0,0,1.138027021,1.103196099,1.112076543,1.109586121,1.111270985,1.10833587,1.111473702,1.106272762,1.105630973
IcebergMap,2,10000000,100000000,10000000,0,0,2.121809213,2.124230667,2.121588727,2.121376722,2.171008205,2.109003323,2.108838687,2.217216771,2.215905092
LeapMap,2,10000000,100000000,10000000,0,0,2.377712893,2.37982575,2.38573521,2.397172093,2.383984278,2.390180212,2.3845905800000002,2.395603719,2.393720749
OnceLockMap,2,10000000,100000000,10000000,0,0,1.476080485,1.462520034,1.466944215,1.425487516,1.46800866,1.482328219,1.475442725,1.482397958,1.471724764
AtomicPau,2,10000000,100000000,10000000,0,0,0.378258894,0.379656582,0.378419901,0.375990699,0.375989269,0.375867551,0.378054667,0.377909649,0.377925629,+8.892243e-3,+0e0,+3.68238699e-1,+6e-8
LockingPau,2,10000000,100000000,10000000,0,0,1.875013972,1.884328478,1.8920767889999999,1.8979580679999999,1.904249381,1.892401364,1.8988360960000001,1.9011738,1.900768717,+4.1579947e-2,+0e0,+1.855377656e0,+9.96795e-4
ThreadLocalPau,2,10000000,100000000,10000000,0,0,0.340787544,0.341478753,0.340436809,0.338885503,0.33973014,0.339657161,0.338879553,0.340769044,0.340206443,+7e-8,+0e0,+3.33138022e-1,+6.017227e-3
AtomicE2E,2,10000000,100000000,10000000,0,0,1.66501845,1.673263794,1.639773651,1.63988324,1.654323197,1.656146039,1.66840766,1.643030022,1.653283974,+7.6630586e-2,+1.187017305897599e0,+3.896303136490908e-1,+1.400568e-3
LockingE2E,2,10000000,100000000,10000000,0,0,3.058829249,3.029739308,3.027492235,2.903957694,3.044155497,3.024521461,3.036168263,3.039894556,2.989648763,+7.6580447e-2,+1.1876507712281987e0,+1.7642342919338607e0,+2.078547e-3
ThreadLocalE2E,2,10000000,100000000,10000000,0,0,1.563542225,1.5663031630000002,1.574584285,1.583748574,1.58531518,1.5515058819999998,1.563542116,1.5819811719999999,1.5811762040000001,+6.1629458e-2,+1.1883623099490712e0,+3.197478911580699e-1,+5.448076e-3
PartitionedE2E,2,10000000,100000000,10000000,0,0,2.455140695,2.436615572,2.422785786,2.424231533,2.406640356,2.427037592,2.452488128,2.415458331,2.444452634
CuckooMap,2,10000000,100000000,10000000,0.8,0,5.756545503,5.707284356,5.982495648,5.716499808,5.90303974,5.723006272,5.78019373,5.734134464,5.787187976
DashMap,2,10000000,100000000,10000000,0.8,0,4.811084614,4.842675478,4.8379625619999995,5.044571623,4.822506633,4.96075158,4.985680266,4.845264095,4.945044576
FolkloreMap,2,10000000,100000000,10000000,0.8,0,0.975761186,0.940881294,0.93533529,0.934336105,0.936669369,0.938844596,0.923217938,0.966906123,0.924752283
IcebergMap,2,10000000,100000000,10000000,0.8,0,1.9206032720000001,1.992980024,1.932502449,1.92916456,1.925925551,1.928942534,1.9320570959999999,2.009072747,1.931014403
LeapMap,2,10000000,100000000,10000000,0.8,0,2.070141366,2.04912484,2.034389948,2.042390685,2.037744866,2.070189695,2.033086769,2.02070589,2.053067671
OnceLockMap,2,10000000,100000000,10000000,0.8,0,1.198980424,1.150931986,1.156358002,1.152854396,1.155512795,1.148258647,1.155694882,1.151832662,1.152959475
AtomicPau,2,10000000,100000000,10000000,0.8,0,0.378581037,0.376091396,0.376289463,0.384511255,0.377524703,0.376377741,0.374138236,0.374881305,0.377866908,+1.105527e-2,+0e0,+3.65018596e-1,+6e-8
LockingPau,2,10000000,100000000,10000000,0.8,0,1.692627316,1.709933339,1.698658733,1.694639746,1.736251703,1.695538482,1.7389659819999999,1.704361836,1.7172318469999999,+4.2178609e-2,+0e0,+1.658299837e0,+1.001194e-3
ThreadLocalPau,2,10000000,100000000,10000000,0.8,0,0.302123557,0.30454068,0.303866271,0.30125453,0.301272731,0.300343725,0.303398438,0.303012443,0.304940644,+6e-8,+0e0,+2.94592004e-1,+7.987776e-3
AtomicE2E,2,10000000,100000000,10000000,0.8,0,1.392070687,1.385689524,1.390267364,1.398039985,1.42030366,1.380519245,1.404240789,1.379074807,1.420790404,+7.4875105e-2,+9.685265470520988e-1,+3.49108947947901e-1,+1.611415e-3
LockingE2E,2,10000000,100000000,10000000,0.8,0,2.606489206,2.628477187,2.59530286,2.607914166,2.601300297,2.653540951,2.6080516940000003,2.625342157,2.737737223,+7.580267e-2,+9.840519521018992e-1,+1.5456863854448535e0,+1.908941e-3
ThreadLocalE2E,2,10000000,100000000,10000000,0.8,0,1.356441719,1.369914941,1.350794816,1.337953005,1.31812376,1.336378009,1.366466244,1.324031339,1.2953341219999999,+6.7506368e-2,+9.76454318399732e-1,+2.8561471810964806e-1,+6.592098e-3
PartitionedE2E,2,10000000,100000000,10000000,0.8,0,2.169464744,2.164975904,2.172487128,2.147153889,2.160574452,2.14520962,2.159918212,2.136322067,2.154700183
CuckooMap,2,10000000,100000000,10000000,0,0.5,5.243221211,5.478989104,5.483084123,5.507103443,5.246927758,5.322803768,5.252046991,5.24433047,5.236326835
DashMap,2,10000000,100000000,10000000,0,0.5,4.920194585,5.049443191,4.92773672,4.908603415,4.862893351,4.859434446,4.856642839,4.86375091,4.860076078
FolkloreMap,2,10000000,100000000,10000000,0,0.5,0.933129135,0.919023253,0.940787058,0.928482498,0.961582236,0.922057407,0.926846222,0.937344891,0.921295068
IcebergMap,2,10000000,100000000,10000000,0,0.5,1.80742769,1.799790968,1.806421865,1.8064155259999999,1.807229533,1.806561334,1.897277195,1.822227062,1.81071157
LeapMap,2,10000000,100000000,10000000,0,0.5,1.94683223,1.954885606,1.964241522,1.9471421260000001,1.953711415,1.958075478,1.9569648750000002,1.9411455389999999,1.964715816
OnceLockMap,2,10000000,100000000,10000000,0,0.5,1.166139233,1.164718585,1.16828298,1.134213985,1.118450039,1.11642891,1.1209724699999999,1.107633516,1.118143394
AtomicPau,2,10000000,100000000,10000000,0,0.5,0.56729138,0.559700397,0.570786236,0.559119876,0.575921157,0.562066471,0.574669106,0.562416406,0.573668771,+2.3609016e-2,+0e0,+5.46335843e-1,+6e-8
LockingPau,2,10000000,100000000,10000000,0,0.5,3.875590404,3.68399047,3.874117978,3.682381414,3.8689929579999998,3.685258471,3.934152843,3.768213122,3.937904526,+4.6276417e-2,+0e0,+3.820663003e0,+9.73235e-4
ThreadLocalPau,2,10000000,100000000,10000000,0,0.5,0.311346108,0.302615783,0.309906901,0.311829601,0.302905968,0.313471255,0.313855919,0.307196022,0.308248796,+7e-8,+0e0,+3.00510865e-1,+8.748605e-3
AtomicE2E,2,10000000,100000000,10000000,0,0.5,1.447660193,1.456147782,1.433202956,1.492264076,1.465624036,1.434017163,1.455189587,1.406092685,1.4699198,+7.6563799e-2,+9.720076257441301e-1,+3.943005791779782e-1,+1.339969e-3
LockingE2E,2,10000000,100000000,10000000,0,0.5,3.5375357640000002,3.590994049,3.654079917,3.427710887,3.448723794,3.489392107,3.3877782339999998,3.409962832,3.45415592,+7.6364543e-2,+9.835932298800353e-1,+2.3839674250445655e0,+1.91058e-3
ThreadLocalE2E,2,10000000,100000000,10000000,0,0.5,1.27935517,1.340611676,1.301605667,1.285323788,1.319150137,1.3190469280000001,1.303091314,1.305216292,1.308370713,+6.3417772e-2,+9.74539664504508e-1,+2.6760607368001305e-1,+6.729806e-3
PartitionedE2E,2,10000000,100000000,10000000,0,0.5,1.605707588,1.611478709,1.6236869999999999,1.624162264,1.621531644,1.619681793,1.614363014,1.606833161,1.631690028
CuckooMap,2,100000000,100000000,100000000,0,0,10.29863575,10.307028021,10.08029155,10.107904005,10.058513749,10.372497648,10.255830989,10.072797983,10.111084944
DashMap,2,100000000,100000000,100000000,0,0,7.31954734,7.321467382,7.324033682,7.321237796,7.333214703,7.335355769,7.605566044,7.278900872,7.271447977
FolkloreMap,2,100000000,100000000,100000000,0,0,1.842803248,1.859553489,1.8789737199999998,1.896152195,1.8445543,1.897711541,1.84655917,1.873396216,1.9129223469999999
IcebergMap,2,100000000,100000000,100000000,0,0,3.648437259,3.565604557,3.583102577,3.590845118,3.64652987,3.576704777,3.588718451,3.64716641,3.578609187
LeapMap,2,100000000,100000000,100000000,0,0,4.876054925,4.85500352,4.861732616,4.844727278,4.852243638,4.886139944,4.900758219,4.9566050740000005,4.873860067
OnceLockMap,2,100000000,100000000,100000000,0,0,3.26089559,3.262849535,3.328511657,3.3030955459999998,3.278134247,3.271786086,3.261145412,3.319989997,3.264144034
AtomicPau,2,100000000,100000000,100000000,0,0,0.467898231,0.47666165,0.452834068,0.457149264,0.466383304,0.47593615,0.467147173,0.476297984,0.466816127,+5.0685154e-2,+0e0,+4.11632461e-1,+4e-8
LockingPau,2,100000000,100000000,100000000,0,0,1.918778163,1.950985174,1.921183773,1.92652836,1.9610264370000001,1.9704155829999999,1.9636095930000002,1.975910176,1.9628791410000002,+1.18487069e-1,+0e0,+1.834142387e0,+3.540706e-3
ThreadLocalPau,2,100000000,100000000,100000000,0,0,0.45562729,0.453463103,0.454823872,0.449071279,0.45364407,0.458432787,0.454832242,0.457055818,0.454579605,+7e-8,+0e0,+4.16135817e-1,+3.2550067e-2
AtomicE2E,2,100000000,100000000,100000000,0,0,2.548710074,2.526866111,2.522820789,2.526517251,2.526670015,2.529070796,2.57749022,2.552854709,2.48000796,+2.59361686e-1,+1.8313371278484478e0,+4.2314711987539677e-1,+9.320499e-3
LockingE2E,2,100000000,100000000,100000000,0,0,3.438002788,3.446923217,3.452612225,3.451628725,3.442490588,3.412441539,3.428817575,3.435261222,3.443945386,+3.24525252e-1,+1.7848799841087744e0,+1.313129208336087e0,+1.2741847e-2
ThreadLocalE2E,2,100000000,100000000,100000000,0,0,2.40902873,2.405053528,2.4058556429999998,2.366648015,2.38263253,2.408152491,2.407256623,2.410298714,2.385819693,+2.08116515e-1,+1.8483768722930256e0,+2.851924260113856e-1,+4.0999109e-2
PartitionedE2E,2,100000000,100000000,100000000,0,0,3.532706408,3.493092774,3.496373829,3.510908735,3.489252309,3.492020452,3.505526062,3.509086913,3.540691449
CuckooMap,4,1000,100000000,1000,0,0,3.120989198,2.993078457,3.076546716,3.073446129,2.997345483,2.989799164,3.100557888,3.092752263,3.094564402
DashMap,4,1000,100000000,1000,0,0,1.149751215,1.159313839,1.156692769,1.152155717,1.165549173,1.168253062,1.15054095,1.15057151,1.141413648
FolkloreMap,4,1000,100000000,1000,0,0,0.097957551,0.103089682,0.097881652,0.097851653,0.095433409,0.098371304,0.097819453,0.098457933,0.097663386
IcebergMap,4,1000,100000000,1000,0,0,0.135889674,0.135740146,0.13812195,0.134294049,0.135300003,0.130803741,0.135593879,0.140655361,0.132972448
LeapMap,4,1000,100000000,1000,0,0,0.268791633,0.267835378,0.266998361,0.269391634,0.26702772,0.263780569,0.269578822,0.269588332,0.267851558
OnceLockMap,4,1000,100000000,1000,0,0,0.085739977,0.085835164,0.086018032,0.085272723,0.085896344,0.085330993,0.08353967,0.085372842,0.085018768
AtomicPau,4,1000,100000000,1000,0,0,1.768584046,1.818297118,1.808191661,1.802554406,1.810727811,1.7916005799999999,1.676905003,1.779531362,1.79730934,+4.27e-6,+0e0,+1.79730194e0,+6e-8
LockingPau,4,1000,100000000,1000,0,0,2.209670642,2.20378676,2.20296637,2.243117278,2.183658992,2.203375719,2.163021863,2.210895462,2.2152974739999998,+6e-6,+0e0,+2.20377849e0,+1.27e-6
ThreadLocalPau,4,1000,100000000,1000,0,0,0.049109823,0.028572975,0.03285456,0.041485858,0.041733085,0.045604856,0.039486249,0.037006957,0.035038747,+8e-8,+0e0,+3.9249523e-2,+2.42036e-4
AtomicE2E,4,1000,100000000,1000,0,0,1.7562337270000001,1.720340642,1.7245812969999998,1.782820399,1.7860873179999999,1.784483432,1.798790523,1.740126635,1.8060142209999999,+1.9649e-5,+9.252004350964999e-2,+1.6898848750582183e0,+4.93e-6
LockingE2E,4,1000,100000000,1000,0,0,2.268917817,2.22924222,2.228648388,2.228644387,2.273248806,2.263556901,2.217850856,2.254885951,2.22536244,+2.465e-5,+9.282662184698845e-2,+2.136182395699577e0,+6.73e-6
ThreadLocalE2E,4,1000,100000000,1000,0,0,0.113928835,0.124661651,0.118999868,0.124228278,0.132035838,0.133309049,0.113427273,0.125299741,0.135923849,+2.235e-5,+1.0196990622760325e-1,+2.206779477239675e-2,+2.93166e-4
PartitionedE2E,4,1000,100000000,1000,0,0,0.167087925,0.158767271,0.160206179,0.164378586,0.155625559,0.16737713,0.148701765,0.167598266,0.149965096
CuckooMap,4,10000000,100000000,10000000,0,0,3.869948037,3.77700749,3.883838837,3.8119276600000003,3.92123513,3.808500065,3.824174382,3.776898139,3.8571317819999997
DashMap,4,10000000,100000000,10000000,0,0,3.062230392,3.067292412,3.066902096,3.064062367,3.079550139,3.064429267,3.062392436,3.058253537,3.054061639
FolkloreMap,4,10000000,100000000,10000000,0,0,0.615891393,0.650829721,0.610134401,0.644866222,0.609893555,0.642870131,0.611846505,0.646881201,0.624383724
IcebergMap,4,10000000,100000000,10000000,0,0,1.199611073,1.176867751,1.195920129,1.192424862,1.209015129,1.183870242,1.152133457,1.196678716,1.195208059
LeapMap,4,10000000,100000000,10000000,0,0,1.274670044,1.220987083,1.266780304,1.218098536,1.279780195,1.276228069,1.259240808,1.259629181,1.261914846
OnceLockMap,4,10000000,100000000,10000000,0,0,0.823956352,0.807042369,0.832652708,0.774668823,0.812441386,0.810760562,0.815679567,0.771235815,0.80625156
AtomicPau,4,10000000,100000000,10000000,0,0,0.181591678,0.181131554,0.181605298,0.18071994,0.183669476,0.183351631,0.182989497,0.183263062,0.181545568,+9.560405e-3,+0e0,+1.71802117e-1,+6e-8
LockingPau,4,10000000,100000000,10000000,0,0,0.941962847,0.94507028,0.975460415,0.941308317,0.957713916,0.955656277,0.926495242,0.970056867,0.937417455,+5.0194634e-2,+0e0,+8.89896442e-1,+9.69355e-4
ThreadLocalPau,4,10000000,100000000,10000000,0,0,0.196337622,0.195078761,0.197285767,0.199121409,0.197942937,0.196826115,0.200177273,0.194242754,0.196468479,+7e-8,+0e0,+1.87577405e-1,+8.616758e-3
AtomicE2E,4,10000000,100000000,10000000,0,0,0.896993142,0.861147928,0.887108172,0.885428658,0.892670506,0.899985105,0.883222481,0.912515293,0.894189563,+8.1399487e-2,+6.202071966478025e-1,+1.8736133379799141e-1,+1.399369e-3
LockingE2E,4,10000000,100000000,10000000,0,0,1.5631955830000002,1.564820248,1.5934816299999999,1.594284977,1.577894417,1.5410597190000002,1.587044806,1.617324493,1.595802372,+8.8942101e-2,+6.050513355221393e-1,+8.823049479112267e-1,+2.387394e-3
ThreadLocalE2E,4,10000000,100000000,10000000,0,0,0.861352001,0.83585513,0.826632561,0.859591787,0.85938275,0.852281139,0.864734698,0.838075185,0.863390998,+6.8948437e-2,+6.151291551589743e-1,+1.639224285250982e-1,+9.14718e-3
PartitionedE2E,4,10000000,100000000,10000000,0,0,1.196315471,1.131806336,1.1852203590000001,1.14528784,1.174088319,1.208137899,1.166558484,1.1946580039999999,1.147015032
CuckooMap,4,10000000,100000000,10000000,0.8,0,3.220807504,3.244612429,3.269468517,3.340257513,3.198756915,3.289630884,3.335398532,3.3306797919999998,3.30645436
DashMap,4,10000000,100000000,10000000,0.8,0,2.880773382,2.8852339540000003,2.88076925,2.90092208,2.8997564479999998,2.872191177,2.888840691,2.894869588,2.876245451
FolkloreMap,4,10000000,100000000,10000000,0.8,0,0.578262066,0.541915012,0.584837185,0.581201811,0.541946781,0.585852129,0.545069864,0.585500415,0.545518787
IcebergMap,4,10000000,100000000,10000000,0.8,0,1.16172414,1.109918801,1.155323707,1.116906135,1.154107505,1.104031341,1.1720536400000001,1.161605459,1.160076253
LeapMap,4,10000000,100000000,10000000,0.8,0,1.10135937,1.143842811,1.098828769,1.135320801,1.134776608,1.161917403,1.144856664,1.120403978,1.075245209
OnceLockMap,4,10000000,100000000,10000000,0.8,0,0.672376422,0.678621327,0.627986891,0.693108125,0.647483853,0.684631424,0.685453272,0.643408375,0.684429177
AtomicPau,4,10000000,100000000,10000000,0.8,0,0.237561985,0.240956924,0.239744061,0.239751102,0.241973327,0.243457185,0.238536339,0.241550733,0.240074226,+1.1610332e-2,+0e0,+2.28385355e-1,+6e-8
LockingPau,4,10000000,100000000,10000000,0.8,0,0.988834319,0.976216862,0.972487838,0.982104022,0.994010028,0.986976107,0.992777167,0.989606496,0.989809673,+4.8459029e-2,+0e0,+9.38049115e-1,+9.69435e-4
ThreadLocalPau,4,10000000,100000000,10000000,0.8,0,0.17318567,0.173962067,0.172976823,0.179998596,0.176122204,0.170373403,0.174116645,0.177500804,0.17575649,+7e-8,+0e0,+1.62896557e-1,+1.043144e-2
AtomicE2E,4,10000000,100000000,10000000,0.8,0,0.821801433,0.821416159,0.764985253,0.80758357,0.81147983,0.808718813,0.802766884,0.806888201,0.79121522,+7.9778499e-2,+5.451137338424406e-1,+1.8061284902214145e-1,+1.357699e-3
LockingE2E,4,10000000,100000000,10000000,0.8,0,1.442298764,1.477090022,1.42949854,1.444838675,1.4733103779999999,1.461219944,1.478017426,1.425031787,1.43198176,+8.5537331e-2,+5.148029017424135e-1,+8.45493961009183e-1,+2.036269e-3
ThreadLocalE2E,4,10000000,100000000,10000000,0.8,0,0.768458237,0.779747413,0.767145036,0.722769686,0.753093131,0.713464849,0.7512015,0.750992794,0.74142872,+6.4421834e-2,+5.393264733408998e-1,+1.459452943607276e-1,+1.0027647e-2
PartitionedE2E,4,10000000,100000000,10000000,0.8,0,1.212637376,1.057424862,1.209546162,1.076345542,1.056678473,1.068410323,1.037318139,0.989223895,1.061588267
CuckooMap,4,10000000,100000000,10000000,0,0.5,3.791854189,3.803968883,3.7037070659999998,3.725820835,3.773083701,3.750355497,3.745844954,3.691443386,3.772700359
DashMap,4,10000000,100000000,10000000,0,0.5,3.252111547,3.278493793,3.333331921,3.257896515,3.292240248,3.272849974,3.229435428,3.273858066,3.228293783
FolkloreMap,4,10000000,100000000,10000000,0,0.5,0.521391303,0.559062395,0.567102472,0.563030824,0.52612122,0.561568717,0.516450598,0.550734662,0.551369732
IcebergMap,4,10000000,100000000,10000000,0,0.5,1.066353551,1.048543044,1.040050075,1.047161355,1.042511176,1.003049831,1.075546211,1.046612193,1.041096517
LeapMap,4,10000000,100000000,10000000,0,0.5,1.077695726,1.056990204,1.008055923,1.023994449,1.085860241,1.075145365,1.083348009,1.061436645,1.007250015
OnceLockMap,4,10000000,100000000,10000000,0,0.5,0.674469795,0.669197235,0.660119205,0.65456504,0.65903131,0.652813386,0.618877756,0.638544165,0.621575655
AtomicPau,4,10000000,100000000,10000000,0,0.5,0.567862097,0.5807824,0.568632735,0.578638553,0.565791469,0.579133075,0.564635577,0.577726176,0.571973804,+2.8522522e-2,+0e0,+5.42808371e-1,+6e-8
LockingPau,4,10000000,100000000,10000000,0,0.5,9.460427537,9.27507815,9.194152343,9.250202357,9.235352137,9.321043846,9.357426332,9.564733365,9.574366011,+4.0828374e-2,+0e0,+9.290777211e0,+9.65435e-4
ThreadLocalPau,4,10000000,100000000,10000000,0,0.5,0.179574026,0.176988366,0.177734784,0.181370239,0.175818594,0.175973621,0.179469448,0.175618437,0.180170307,+2.6e-7,+0e0,+1.67324524e-1,+9.952528e-3
AtomicE2E,4,10000000,100000000,10000000,0,0.5,0.872682047,0.8823,0.919848943,0.900549699,0.928211605,0.917058396,0.894287155,0.879717439,0.882613144,+8.1790885e-2,+5.307395094679355e-1,+2.892288355320646e-1,+1.256641e-3
LockingE2E,4,10000000,100000000,10000000,0,0.5,7.883138789,7.84361017,8.090490839,7.940663983,7.933970892,7.969143007,7.947047842,7.88304013,7.959381776,+7.4534207e-2,+5.253084945612034e-1,+7.335485299054534e0,+1.944211e-3
ThreadLocalE2E,4,10000000,100000000,10000000,0,0.5,0.729840363,0.73068024,0.772251261,0.730588701,0.711604692,0.74754727,0.711003302,0.696692371,0.723226924,+6.6834275e-2,+5.168069594225673e-1,+1.3614905550195305e-1,+9.911308e-3
PartitionedE2E,4,10000000,100000000,10000000,0,0.5,0.79188782,1.043666737,0.884171264,0.79117508,0.894577524,0.794326572,0.908005608,0.908454671,0.790624509
CuckooMap,4,100000000,100000000,100000000,0,0,5.239424452,5.55030479,5.430581645,5.461574248,5.531336616,5.359986974,5.325664539,5.362280456,5.487885246
DashMap,4,100000000,100000000,100000000,0,0,4.445402861,4.230867463,4.451612974,4.255942506,4.470277515,4.200003803,4.256498775,4.232799868,4.245827507
FolkloreMap,4,100000000,100000000,100000000,0,0,1.349481415,1.334345017,1.158192391,1.348082006,1.353783149,1.360532165,1.310507563,1.357982725,1.1447255379999999
IcebergMap,4,100000000,100000000,100000000,0,0,2.254607428,2.190507761,2.23620861,2.237130345,2.241717714,2.213154873,2.258871521,2.020229885,2.246000068
LeapMap,4,100000000,100000000,100000000,0,0,3.188350309,3.175067712,2.8348295869999998,3.2572289899999998,3.157498481,3.151738109,2.822837928,3.067112208,3.1515848
OnceLockMap,4,100000000,100000000,100000000,0,0,2.246730573,2.221795685,2.254844318,2.246363318,2.246017273,2.035673082,2.225697765,2.287012303,2.225738473
AtomicPau,4,100000000,100000000,100000000,0,0,0.278213508,0.283713904,0.282825637,0.285804051,0.283546406,0.284822247,0.283064434,0.280057239,0.28653332,+6.2026638e-2,+0e0,+2.16731472e-1,+5e-8
LockingPau,4,100000000,100000000,100000000,0,0,1.10186954,1.089231025,1.096987495,1.08559456,1.104526679,1.088965718,1.08825296,1.092181468,1.109280696,+1.36876938e-1,+0e0,+9.46599635e-1,+3.445527e-3
ThreadLocalPau,4,100000000,100000000,100000000,0,0,0.304209239,0.304656322,0.30670788,0.307250642,0.311011624,0.306348176,0.312720128,0.304719741,0.305004236,+7e-8,+0e0,+2.4416637e-1,+5.7043694e-2
AtomicE2E,4,100000000,100000000,100000000,0,0,1.765714026,1.768590981,1.70547591,1.7494172460000001,1.700000654,1.743285119,1.7354119909999999,1.7536975689999998,1.515061443,+2.72297419e-1,+1.2150247680543855e0,+2.3965924834979088e-1,+9.333697e-3
LockingE2E,4,100000000,100000000,100000000,0,0,2.228361269,2.243441838,2.207205783,2.185058844,2.223400685,2.169107008,2.177290503,2.264910237,2.170126992,+3.30984816e-1,+1.099497494183224e0,+7.291588028167758e-1,+1.2931271e-2
ThreadLocalE2E,4,100000000,100000000,100000000,0,0,1.677815722,1.627688193,1.669339092,1.696030283,1.699483969,1.66556505,1.63892401,1.462138914,1.6857417799999999,+2.23552607e-1,+1.2240855666267298e0,+1.5250520330864714e-1,+6.6898462e-2
PartitionedE2E,4,100000000,100000000,100000000,0,0,1.8425378719999999,1.8842315410000001,1.903136631,1.902928194,1.8477250920000001,1.881513543,1.843557336,1.8773692849999999,2.028115701
CuckooMap,8,1000,100000000,1000,0,0,1.9661762120000001,1.970890989,1.960896492,1.9664820170000001,1.969265153,1.950781007,1.954026028,1.9498220609999999,1.9528477149999999
DashMap,8,1000,100000000,1000,0,0,0.633068027,0.630922669,0.632690742,0.632625383,0.637449519,0.631700437,0.631620228,0.632414627,0.631051107
FolkloreMap,8,1000,100000000,1000,0,0,0.047473731,0.047323873,0.047232874,0.046058533,0.047337953,0.059961859,0.055654555,0.049146805,0.047377472
IcebergMap,8,1000,100000000,1000,0,0,0.067565883,0.067269397,0.065314947,0.081939832,0.066429669,0.065991636,0.06513175,0.071210536,0.06965412
LeapMap,8,1000,100000000,1000,0,0,0.132211699,0.133614718,0.131773296,0.135351431,0.13869873,0.132102381,0.133542928,0.132665093,0.137884942
OnceLockMap,8,1000,100000000,1000,0,0,0.044432637,0.046729072,0.045641079,0.042132113,0.042251411,0.041241526,0.051919623,0.049832765,0.049520349
AtomicPau,8,1000,100000000,1000,0,0,1.356167389,1.360274626,1.354326718,1.353829875,1.35412672,1.364398552,1.353607848,1.360175497,1.355867873,+5.98e-6,+0e0,+1.355860063e0,+6e-8
LockingPau,8,1000,100000000,1000,0,0,1.563038691,1.562850304,1.562341561,1.563368576,1.5618164289999998,1.5544965419999999,1.556082577,1.5563797620000002,1.5554673270000001,+8.08e-6,+0e0,+1.561806129e0,+8.3e-7
ThreadLocalPau,8,1000,100000000,1000,0,0,0.025944352,0.02342582,0.024355496,0.023721065,0.022202409,0.022935248,0.024411775,0.024506043,0.023141234,+6e-8,+0e0,+2.3270802e-2,+4.69553e-4
AtomicE2E,8,1000,100000000,1000,0,0,1.458769472,1.464787439,1.452494868,1.4454523959999999,1.450915642,1.458930159,1.458254189,1.452407359,1.4473191779999999,+2.1e-5,+4.6310450146583526e-2,+1.4060406232521987e0,+1.165e-5
LockingE2E,8,1000,100000000,1000,0,0,1.5598601680000002,1.554499221,1.543907353,1.556263833,1.548372665,1.5446194420000001,1.5555724340000001,1.542061691,1.541294623,+2.6659e-5,+4.65378341236057e-2,+1.5015997582910028e0,+7.15e-6
ThreadLocalE2E,8,1000,100000000,1000,0,0,0.062877334,0.070145563,0.071897105,0.075870825,0.05918432,0.065399846,0.078631122,0.076498985,0.069543201,+2.828e-5,+5.723690515964049e-2,+1.2429854840359505e-2,+4.58193e-4
PartitionedE2E,8,1000,100000000,1000,0,0,0.084039718,0.074633163,0.073913784,0.073034978,0.073059937,0.080184828,0.078644011,0.073089507,0.073189025
CuckooMap,8,10000000,100000000,10000000,0,0,2.102462342,2.066992327,2.111720679,2.11365436,2.058721443,2.074674989,2.046445702,2.060727872,2.072533911
DashMap,8,10000000,100000000,10000000,0,0,1.630719008,1.65662116,1.628004019,1.651848394,1.625238532,1.665171398,1.630317363,1.6627273360000001,1.629075323
FolkloreMap,8,10000000,100000000,10000000,0,0,0.411707935,0.402194141,0.409014616,0.409927092,0.414690449,0.401744298,0.401231696,0.415391419,0.412226367
IcebergMap,8,10000000,100000000,10000000,0,0,0.668642527,0.66521788,0.701898157,0.667714602,0.667076611,0.666631309,0.684808879,0.705461522,0.70041974
LeapMap,8,10000000,100000000,10000000,0,0,0.753634712,0.710604563,0.733452651,0.726745495,0.739652806,0.738554123,0.740252887,0.757464452,0.749022242
OnceLockMap,8,10000000,100000000,10000000,0,0,0.504075035,0.508936921,0.508536197,0.510971099,0.487838385,0.510112403,0.506757144,0.502903644,0.483552491
AtomicPau,8,10000000,100000000,10000000,0,0,0.099185646,0.100294539,0.099113217,0.098594125,0.100032413,0.101387183,0.102091652,0.097551981,0.099040089,+7.397416e-3,+0e0,+9.1907208e-2,+6e-8
LockingPau,8,10000000,100000000,10000000,0,0,0.516766651,0.519200793,0.516771831,0.520325856,0.518402356,0.521253761,0.517297233,0.521007195,0.517801685,+5.0578913e-2,+0e0,+4.66294506e-1,+9.32436e-4
ThreadLocalPau,8,10000000,100000000,10000000,0,0,0.126649984,0.123350285,0.119021472,0.117446585,0.123540682,0.120318542,0.122101823,0.129732627,0.129796925,+7e-8,+0e0,+1.08259837e-1,+1.4790692e-2
AtomicE2E,8,10000000,100000000,10000000,0,0,0.526894744,0.540688013,0.525025894,0.552368253,0.532816334,0.542716322,0.542878539,0.547651146,0.538044093,+8.3758923e-2,+3.593253170524398e-1,+9.541857267062971e-2,+1.861531e-3
LockingE2E,8,10000000,100000000,10000000,0,0,0.887347297,0.876346856,0.876571123,0.882034448,0.876828628,0.861513884,0.889213048,0.8669474,0.878393834,+9.3258457e-2,+3.377652762623402e-1,+4.44021576628511e-1,+1.821502e-3
ThreadLocalE2E,8,10000000,100000000,10000000,0,0,0.455459452,0.484691634,0.499187221,0.498159916,0.502720546,0.485609109,0.525496636,0.469714473,0.49532272,+3.6856524e-2,+3.5060605096947817e-1,+8.931117003052189e-2,+1.5926556e-2
PartitionedE2E,8,10000000,100000000,10000000,0,0,0.683683205,0.674434488,0.743668834,0.728650425,0.733307973,0.641553003,0.769752423,0.606018929,0.641920177
CuckooMap,8,10000000,100000000,10000000,0.8,0,1.772769432,1.7309417040000001,1.752567253,1.742084673,1.731455857,1.749914323,1.788053267,1.771909195,1.8142806839999999
DashMap,8,10000000,100000000,10000000,0.8,0,1.609303733,1.608250189,1.6099769529999999,1.5906740190000002,1.6017684490000001,1.612646082,1.596132415,1.605220286,1.593407997
FolkloreMap,8,10000000,100000000,10000000,0.8,0,0.349564269,0.364709186,0.356201117,0.369918866,0.337386766,0.352780069,0.351255743,0.342509317,0.3487883
IcebergMap,8,10000000,100000000,10000000,0.8,0,0.653981981,0.658780217,0.657491748,0.63451584,0.656334915,0.656362725,0.655564987,0.656698989,0.655989341
LeapMap,8,10000000,100000000,10000000,0.8,0,0.655412259,0.66318877,0.669635341,0.657165212,0.664516149,0.641992366,0.64880776,0.666954481,0.662941794
OnceLockMap,8,10000000,100000000,10000000,0.8,0,0.423177727,0.423726049,0.424268331,0.392388001,0.420133784,0.402922349,0.402724552,0.421595352,0.406358776
AtomicPau,8,10000000,100000000,10000000,0.8,0,0.208325359,0.208800852,0.209029468,0.209427222,0.206808452,0.20041749,0.209854246,0.208804421,0.205869197,+1.1749839e-2,+0e0,+1.96038368e-1,+6e-8
LockingPau,8,10000000,100000000,10000000,0.8,0,0.621773645,0.612520008,0.614541506,0.615290765,0.622634993,0.618617194,0.619246835,0.618040813,0.63844131,+5.1054905e-2,+0e0,+5.66115701e-1,+9.20746e-4
ThreadLocalPau,8,10000000,100000000,10000000,0.8,0,0.111758362,0.116284744,0.107389849,0.103970593,0.102542134,0.108763299,0.111488467,0.110680609,0.111138432,+6e-8,+0e0,+9.438686e-2,+1.43277e-2
AtomicE2E,8,10000000,100000000,10000000,0.8,0,0.463532538,0.471775851,0.484858729,0.467663414,0.477890277,0.485033387,0.483735626,0.472443191,0.469424177,+7.9828643e-2,+3.0012380403511435e-1,+9.05595001673677e-2,+1.892921e-3
LockingE2E,8,10000000,100000000,10000000,0.8,0,0.806770723,0.827046471,0.817296842,0.811755876,0.804279172,0.807483372,0.803027811,0.810041512,0.813596698,+9.1156559e-2,+2.817698769418325e-1,+4.3427720186153806e-1,+2.58782e-3
ThreadLocalE2E,8,10000000,100000000,10000000,0.8,0,0.406588043,0.433384471,0.440156197,0.402352067,0.426285299,0.440066458,0.433548198,0.432672062,0.430975707,+3.6699436e-2,+2.9955158958219363e-1,+7.768721689146396e-2,+1.5565341e-2
PartitionedE2E,8,10000000,100000000,10000000,0.8,0,0.599733114,0.703700337,0.592206,0.600338225,0.675683407,0.673957054,0.591956704,0.569120665,0.578869205
CuckooMap,8,10000000,100000000,10000000,0,0.5,3.29739949,3.294656892,3.31171907,3.3010644940000002,3.30128324,3.027603745,3.02144698,3.017918184,3.015875735
DashMap,8,10000000,100000000,10000000,0,0.5,2.6371523850000003,2.6277852790000003,2.6213520580000003,2.647245229,2.637822064,2.634276258,2.648731916,2.641175492,2.627022679
FolkloreMap,8,10000000,100000000,10000000,0,0.5,0.358499661,0.370124202,0.351159844,0.36048438,0.332086247,0.338287081,0.359975468,0.342996329,0.356386364
IcebergMap,8,10000000,100000000,10000000,0,0.5,0.587126917,0.601112922,0.601127823,0.621224943,0.600183757,0.625027475,0.600604911,0.600309644,0.625002715
LeapMap,8,10000000,100000000,10000000,0,0.5,0.62400348,0.629319669,0.628481262,0.629832631,0.634321792,0.641846856,0.631689942,0.645839995,0.65465514
OnceLockMap,8,10000000,100000000,10000000,0,0.5,0.421421744,0.397380793,0.41710879,0.392223102,0.4015247,0.404982456,0.402482615,0.420589366,0.403717845
AtomicPau,8,10000000,100000000,10000000,0,0.5,0.574859766,0.574805137,0.575054183,0.574278645,0.573596625,0.571363219,0.570847467,0.571646685,0.5732739,+2.2321687e-2,+0e0,+5.50215975e-1,+6e-8
LockingPau,8,10000000,100000000,10000000,0,0.5,12.639070898,12.648404872,12.691539548,12.762210813,12.727705207,12.722735485,12.628791919,12.71002236,12.805526918,+2.9533886e-2,+0e0,+1.2680374884999999e1,+9.43096e-4
ThreadLocalPau,8,10000000,100000000,10000000,0,0.5,0.1179957,0.109363989,0.110847017,0.11463785,0.113631415,0.109516036,0.11464998,0.11465697,0.114093758,+6e-8,+0e0,+9.6716009e-2,+1.5373439e-2
AtomicE2E,8,10000000,100000000,10000000,0,0.5,0.676875523,0.657278327,0.6563888,0.672062124,0.658809993,0.684120313,0.644233811,0.641084778,0.653780757,+8.3247551e-2,+2.7384326306460516e-1,+2.9253187163984173e-1,+1.237671e-3
LockingE2E,8,10000000,100000000,10000000,0,0.5,11.243610587,11.61391946,11.591213791,11.593050864,11.512297432,11.766780323999999,11.63658518,11.729415246,11.535138954,+7.0268834e-2,+2.6249008584852285e-1,+1.1261360273482037e1,+3.072033e-3
ThreadLocalE2E,8,10000000,100000000,10000000,0,0.5,0.466419665,0.453706728,0.458072301,0.422091174,0.442082093,0.449229854,0.446452307,0.437308104,0.445987443,+6.1055799e-2,+3.0193612743328035e-1,+7.191151588113176e-2,+1.5647354e-2
PartitionedE2E,8,10000000,100000000,10000000,0,0.5,0.559732348,0.513615372,0.504288454,0.512366141,0.602098977,0.525395065,0.640434928,0.589058684,0.590933125
CuckooMap,8,100000000,100000000,100000000,0,0,3.030289541,3.114817221,2.957775157,3.204865884,3.074225922,3.082850518,3.035614527,3.189720205,3.030637105
DashMap,8,100000000,100000000,100000000,0,0,2.682411671,2.706278888,2.587183655,2.556953979,2.4584833440000002,2.6040058520000002,2.5474563249999997,2.530063975,2.463428429
FolkloreMap,8,100000000,100000000,100000000,0,0,0.811210558,0.810644197,0.752470926,0.876947154,0.877682583,0.812970301,0.818565636,0.888276602,0.816124732
IcebergMap,8,100000000,100000000,100000000,0,0,1.414178524,1.240721526,1.187699337,1.395706881,1.238921992,1.389524333,1.1987739880000001,1.254560603,1.253145024
LeapMap,8,100000000,100000000,100000000,0,0,2.069137946,1.8360741109999998,1.816979388,1.97671562,1.855906406,1.891473698,1.925667019,1.992146561,1.91482521
OnceLockMap,8,100000000,100000000,100000000,0,0,1.566155394,1.456912336,1.5863091169999999,1.378258046,1.569089846,1.381026453,1.388637896,1.564772209,1.4556469810000001
AtomicPau,8,100000000,100000000,100000000,0,0,0.187581439,0.189321054,0.19150709,0.190059303,0.19092251,0.189913184,0.187770547,0.191258564,0.189461901,+6.5784834e-2,+0e0,+1.19451701e-1,+5e-8
LockingPau,8,100000000,100000000,100000000,0,0,0.665761639,0.662151613,0.663539292,0.677955584,0.66957499,0.665049249,0.655571683,0.677461401,0.6688562,+1.57978518e-1,+0e0,+5.01597624e-1,+3.893011e-3
ThreadLocalPau,8,100000000,100000000,100000000,0,0,0.304584897,0.309887677,0.306563847,0.305351686,0.291373677,0.287595914,0.280994645,0.300773325,0.301494894,+6e-8,+0e0,+1.73414604e-1,+1.21726107e-1
AtomicE2E,8,100000000,100000000,100000000,0,0,1.057268996,1.068649033,1.244541729,1.223528196,1.122053303,1.219019894,1.137851093,1.117739847,1.226297182,+2.93946917e-1,+6.965965947262516e-1,+1.2571900891433999e-1,+1.718163e-2
LockingE2E,8,100000000,100000000,100000000,0,0,1.50483385,1.411656891,1.387178961,1.509725783,1.466877403,1.442212315,1.535385743,1.451585492,1.3817424,+3.59403644e-1,+6.771294831650213e-1,+3.844556371267199e-1,+2.4177753e-2
ThreadLocalE2E,8,100000000,100000000,100000000,0,0,1.167698672,1.176909902,1.2658608230000001,1.173470934,1.1935093,1.279128761,1.090791935,1.27188048,1.259606266,+2.32436057e-1,+7.346012625090228e-1,+8.688777932480204e-2,+1.16249798e-1
PartitionedE2E,8,100000000,100000000,100000000,0,0,1.096429888,1.061088193,1.081281907,1.100901239,1.11069771,1.070764005,1.06645892,1.085006718,1.098630132
CuckooMap,16,1000,100000000,1000,0,0,1.229714122,1.231707881,1.2261500650000001,1.233291737,1.22908196,1.212233575,1.211935439,1.21314254,1.211621733
DashMap,16,1000,100000000,1000,0,0,0.369824671,0.371418776,0.370453811,0.370396212,0.370076577,0.371354708,0.370065206,0.370809935,0.370325093
FolkloreMap,16,1000,100000000,1000,0,0,0.029106888,0.030044385,0.030544786,0.030276681,0.029843437,0.028936801,0.031525022,0.028842133,0.026967041
IcebergMap,16,1000,100000000,1000,0,0,0.038792241,0.039345313,0.041615739,0.03892331,0.03624682,0.039173735,0.037517191,0.036752933,0.035493991
LeapMap,16,1000,100000000,1000,0,0,0.071980878,0.070979993,0.071045432,0.067742613,0.067291809,0.070341323,0.070264564,0.069040873,0.067170651
OnceLockMap,16,1000,100000000,1000,0,0,0.024563047,0.024696146,0.023836668,0.022289872,0.022152954,0.026970581,0.025486023,0.023879118,0.025603422
AtomicPau,16,1000,100000000,1000,0,0,1.000915506,1.00654329,1.00719003,1.012851174,1.007441986,1.015568822,1.00650038,1.018194181,1.020368179,+8.95e-6,+0e0,+1.007430826e0,+1.5e-7
LockingPau,16,1000,100000000,1000,0,0,1.159828552,1.159814701,1.159759091,1.160084586,1.160243514,1.1638606679999999,1.162433749,1.163375385,1.163830007,+9.96e-6,+0e0,+1.160230594e0,+8.4e-7
ThreadLocalPau,16,1000,100000000,1000,0,0,0.014167905,0.011086751,0.011411307,0.012208265,0.011809281,0.013815751,0.01314046,0.01054596,0.010148266,+6e-8,+0e0,+1.0868475e-2,+8.57927e-4
AtomicE2E,16,1000,100000000,1000,0,0,1.0824045820000001,1.02458972,1.041983165,1.046488976,1.078274423,1.048466895,1.050539314,1.082355471,1.076994022,+2.402e-5,+2.3297432614707944e-2,+1.0272091055238248e0,+1.3469e-5
LockingE2E,16,1000,100000000,1000,0,0,1.155232323,1.155803444,1.154815449,1.163105023,1.154216617,1.165529295,1.154644,1.166286323,1.1643123420000001,+2.976e-5,+2.340638567278381e-2,+1.1324029398074804e0,+1.2599e-5
ThreadLocalE2E,16,1000,100000000,1000,0,0,0.041712307,0.043698616,0.041198405,0.038978768,0.044727571,0.04608645,0.044256268,0.045945292,0.041988192,+3.05e-5,+3.517752363433141e-2,+7.489825894568124e-3,+9.51785e-4
PartitionedE2E,16,1000,100000000,1000,0,0,0.042552004,0.043871584,0.043971202,0.044363656,0.043006027,0.040284229,0.042481775,0.043066016,0.041237174
CuckooMap,16,10000000,100000000,10000000,0,0,1.134503633,1.132626872,1.117941564,1.137500747,1.11685102,1.1231542939999999,1.134823007,1.126144938,1.117379941
DashMap,16,10000000,100000000,10000000,0,0,0.914661069,0.914359163,0.916091936,0.901220353,0.910890886,0.918666016,0.903748794,0.919461964,0.901775923
FolkloreMap,16,10000000,100000000,10000000,0,0,0.25013814,0.276581179,0.269358089,0.268801627,0.25410126,0.267825862,0.267425538,0.25934136,0.25082659
IcebergMap,16,10000000,100000000,10000000,0,0,0.400743802,0.428377672,0.395193717,0.42719561,0.418888657,0.409760415,0.403373972,0.40217156,0.399075278
LeapMap,16,10000000,100000000,10000000,0,0,0.422674579,0.432369771,0.446838522,0.442515498,0.446803602,0.417538386,0.44558658,0.423993469,0.423902499
OnceLockMap,16,10000000,100000000,10000000,0,0,0.325403296,0.324995712,0.311795443,0.313520897,0.320373683,0.335286986,0.324321892,0.309225652,0.313451557
AtomicPau,16,10000000,100000000,10000000,0,0,0.05727642,0.058927684,0.054936795,0.060183675,0.059504056,0.05592226,0.05729355,0.057446147,0.057525256,+7.349168e-3,+0e0,+4.9472059e-2,+6e-8
LockingPau,16,10000000,100000000,10000000,0,0,0.296988067,0.294375048,0.295903324,0.294048892,0.296975428,0.294321188,0.297175524,0.294831011,0.29613864,+5.0482873e-2,+0e0,+2.43152216e-1,+9.23886e-4
ThreadLocalPau,16,10000000,100000000,10000000,0,0,0.122163475,0.107504837,0.109371208,0.108345534,0.108249565,0.105798932,0.114251474,0.123520333,0.109443157,+6e-8,+0e0,+8.227432e-2,+2.7788418e-2
AtomicE2E,16,10000000,100000000,10000000,0,0,0.328464009,0.328940512,0.314738517,0.324743425,0.334403589,0.312758417,0.339980534,0.323543203,0.34358115,+8.1866686e-2,+1.9179614664734398e-1,+5.108013280896856e-2,+1.867882e-3
LockingE2E,16,10000000,100000000,10000000,0,0,0.524922283,0.508145988,0.521146221,0.517957508,0.526897953,0.514039148,0.51323644,0.519029572,0.52244748,+9.1854965e-2,+1.9087184630489193e-1,+2.3331196529468654e-1,+2.234026e-3
ThreadLocalE2E,16,10000000,100000000,10000000,0,0,0.317254299,0.316909263,0.302848208,0.308492001,0.319094161,0.307764933,0.299605717,0.30597992,0.299868093,+3.5439822e-2,+1.9138126645258646e-1,+5.270812272172117e-2,+2.7275705e-2
PartitionedE2E,16,10000000,100000000,10000000,0,0,0.502894206,0.480480418,0.485897724,0.528066194,0.530204332,0.49740782,0.505375079,0.509709543,0.538644913
CuckooMap,16,10000000,100000000,10000000,0.8,0,0.951704564,0.953226631,0.952638579,0.947515577,0.946046989,0.979426302,0.97882196,0.983546308,0.975013068
DashMap,16,10000000,100000000,10000000,0.8,0,0.883770795,0.894144437,0.891717103,0.891728133,0.889648764,0.882954646,0.880583452,0.888731598,0.888438742
FolkloreMap,16,10000000,100000000,10000000,0.8,0,0.239102624,0.229588119,0.238267268,0.226758143,0.24401637,0.239224422,0.240317126,0.22695379,0.241287931
IcebergMap,16,10000000,100000000,10000000,0.8,0,0.375804356,0.378101341,0.399027783,0.374800041,0.373775406,0.393500646,0.39393339,0.400056667,0.382412136
LeapMap,16,10000000,100000000,10000000,0.8,0,0.399509985,0.392028538,0.374088782,0.395264839,0.386538282,0.381690205,0.4024837,0.402868104,0.409249317
OnceLockMap,16,10000000,100000000,10000000,0.8,0,0.270069703,0.255316117,0.264984191,0.260569097,0.27025686,0.270596415,0.279795075,0.279202904,0.260693865
AtomicPau,16,10000000,100000000,10000000,0.8,0,0.146265406,0.151021743,0.149422848,0.150480131,0.150966605,0.148485022,0.150008209,0.150791906,0.150387633,+1.3979108e-2,+0e0,+1.35779105e-1,+6e-8
LockingPau,16,10000000,100000000,10000000,0.8,0,0.917952788,0.87968866,0.895109006,0.920672717,0.908232527,0.896041342,0.906802638,0.89153946,0.876435329,+3.4478986e-2,+0e0,+8.60515511e-1,+9.34376e-4
ThreadLocalPau,16,10000000,100000000,10000000,0.8,0,0.097049533,0.097100743,0.087855593,0.098168987,0.088212498,0.102483132,0.098508241,0.091641986,0.098355964,+6e-8,+0e0,+6.4204794e-2,+2.8065503e-2
AtomicE2E,16,10000000,100000000,10000000,0.8,0,0.29586073,0.296601529,0.317071727,0.293079702,0.297041981,0.307288406,0.300652457,0.297650232,0.299884929,+8.0637313e-2,+1.632354218831285e-1,+4.949559211687147e-2,+2.088488e-3
LockingE2E,16,10000000,100000000,10000000,0.8,0,0.497549522,0.4897113,0.511772615,0.502487226,0.495078758,0.512539444,0.492754324,0.486080825,0.499049118,+8.4766681e-2,+1.5834451303712663e-1,+2.498934289015812e-1,+1.684835e-3
ThreadLocalE2E,16,10000000,100000000,10000000,0.8,0,0.271170454,0.263755108,0.257293726,0.270081201,0.281068114,0.274682082,0.265134217,0.256631266,0.280356265,+3.5629258e-2,+1.5631140878485578e-1,+4.6197388408957145e-2,+2.7183936e-2
PartitionedE2E,16,10000000,100000000,10000000,0.8,0,0.469456328,0.433363617,0.478751627,0.433363137,0.469013954,0.58500311,0.441093339,0.460195269,0.43574484
CuckooMap,16,10000000,100000000,10000000,0,0.5,2.21090192,2.251231945,2.255584508,2.2532673020000002,2.25668372,2.23817378,2.239766545,2.235062106,2.233202463
DashMap,16,10000000,100000000,10000000,0,0.5,5.256697302,5.224276771,5.131604567,4.978661672,4.915904833,5.439057113,5.499422699,5.572422242,5.240902787
FolkloreMap,16,10000000,100000000,10000000,0,0.5,0.227060232,0.24294296,0.245284755,0.2258497,0.219624885,0.248665333,0.227763491,0.235666971,0.241256986
IcebergMap,16,10000000,100000000,10000000,0,0.5,0.362880544,0.348086809,0.377665998,0.370720164,0.378966018,0.353255689,0.354142217,0.34462849,0.36636356
LeapMap,16,10000000,100000000,10000000,0,0.5,0.381606827,0.372718374,0.369224246,0.390250896,0.366715424,0.369133318,0.375711437,0.364888632,0.372449897
OnceLockMap,16,10000000,100000000,10000000,0,0.5,0.278261692,0.252432225,0.265539846,0.264242955,0.277470793,0.271956088,0.271945008,0.267126351,0.273350806
AtomicPau,16,10000000,100000000,10000000,0,0.5,0.769594086,0.774112469,0.769898302,0.786655977,0.78185206,0.778650849,0.777475236,0.777883321,0.777881741,+2.6389458e-2,+0e0,+7.50670205e-1,+6e-8
LockingPau,16,10000000,100000000,10000000,0,0.5,12.460155711,12.535951564,12.493677089,12.567398984,12.474772717,12.486241152,12.46877232,12.465688159,12.541792291,+3.3184964e-2,+0e0,+1.24523651e1,+9.46305e-4
ThreadLocalPau,16,10000000,100000000,10000000,0,0.5,0.0990394,0.104654493,0.094949912,0.102358369,0.093511804,0.092067896,0.103694298,0.10100403,0.08976596,+6e-8,+0e0,+6.5764407e-2,+3.2921508e-2
AtomicE2E,16,10000000,100000000,10000000,0,0.5,0.787729165,0.778395456,0.788155407,0.782438735,0.800076986,0.801848439,0.789502937,0.785095595,0.787495048,+8.0256005e-2,+1.4070493248702262e-1,+5.635779045129775e-1,+1.839452e-3
LockingE2E,16,10000000,100000000,10000000,0,0.5,11.185763847,11.276662677000001,11.25597008,11.270449338,11.326035387,11.335734917,11.345729513,11.493701893,11.250531045,+7.0667991e-2,+1.313067694619373e-1,+1.1065659928335233e1,+3.766342e-3
ThreadLocalE2E,16,10000000,100000000,10000000,0,0.5,0.2856098,0.266709638,0.279881077,0.315649741,0.292253138,0.28364952,0.303538735,0.288717213,0.293600097,+6.484288e-2,+1.6182753669234706e-1,+4.137229760152358e-2,+2.619514e-2
PartitionedE2E,16,10000000,100000000,10000000,0,0.5,0.42579458,0.420071957,0.410512003,0.44802679,0.403860174,0.417005983,0.437314274,0.401062136,0.403574928
CuckooMap,16,100000000,100000000,100000000,0,0,1.853064367,1.891977483,1.741422831,1.875280827,1.768653005,1.7835068779999999,1.884984928,1.788272655,1.76625657
DashMap,16,100000000,100000000,100000000,0,0,1.5143164470000001,1.594146187,1.594184706,1.470622734,1.628427554,1.562974562,1.486175756,1.5834026799999998,1.548451824
FolkloreMap,16,100000000,100000000,100000000,0,0,0.592140237,0.591135133,0.648186472,0.582584394,0.604263102,0.590358864,0.582422496,0.648601835,0.674085006
IcebergMap,16,100000000,100000000,100000000,0,0,0.824606917,0.879128354,0.843761954,0.857791939,0.773235141,0.775846541,0.81189559,0.774972454,0.878030921
LeapMap,16,100000000,100000000,100000000,0,0,1.148834444,1.294571628,1.216658618,1.326045757,1.228977869,1.207025015,1.179963738,1.1984642349999999,1.184883802
OnceLockMap,16,100000000,100000000,100000000,0,0,0.999473744,0.934050733,0.920401382,1.109359566,0.940389566,1.003791368,1.006578295,0.980525283,0.93356112
AtomicPau,16,100000000,100000000,100000000,0,0,0.160306972,0.163431733,0.163815878,0.163863887,0.163223227,0.163284636,0.163534812,0.162591807,0.160520448,+6.3289463e-2,+0e0,+9.4822362e-2,+5e-8
LockingPau,16,100000000,100000000,100000000,0,0,0.441548716,0.43601272,0.436632071,0.436046119,0.444435591,0.450984932,0.444987452,0.446662998,0.442829535,+1.50404693e-1,+0e0,+2.84236758e-1,+3.455967e-3
ThreadLocalPau,16,100000000,100000000,100000000,0,0,0.461737547,0.452239532,0.444210235,0.433034515,0.432632661,0.402561081,0.47860087,0.432051841,0.460988688,+5e-8,+0e0,+1.85843221e-1,+2.52662681e-1
AtomicE2E,16,100000000,100000000,100000000,0,0,0.746965629,0.754482974,0.748963849,0.831668606,0.855471882,0.728259915,0.796494333,0.752921398,0.71219603,+2.90716839e-1,+3.7782758150334145e-1,+6.513977962442313e-2,+1.109627e-2
LockingE2E,16,100000000,100000000,100000000,0,0,1.000173271,1.025879288,1.017745572,1.029339006,0.920502169,0.941270351,1.010180258,0.942951525,0.964738842,+3.5216598e-1,+4.2981234890895853e-1,+1.969362492976879e-1,+1.4952152e-2
ThreadLocalE2E,16,100000000,100000000,100000000,0,0,0.862629112,0.958633675,0.960485527,1.014047368,1.000784151,0.961151496,0.912728696,0.951487744,0.895074775,+2.32751564e-1,+4.3844637598321395e-1,+5.746399801678601e-2,+2.12015621e-1
PartitionedE2E,16,100000000,100000000,100000000,0,0,0.797414767,0.780324458,0.775278506,0.780632634,0.788766139,0.763978968,0.791287831,0.769279816,0.771143469
CuckooMap,32,1000,100000000,1000,0,0,0.950160443,0.94189171,0.942401762,0.939162931,0.930930127,0.932571581,0.929913323,0.932992756,0.92878485
DashMap,32,1000,100000000,1000,0,0,0.255077943,0.255138801,0.255347639,0.254984754,0.25526038,0.255072803,0.254561431,0.255287229,0.254980494
FolkloreMap,32,1000,100000000,1000,0,0,0.014419069,0.014197924,0.014150403,0.014262392,0.014317061,0.014541908,0.014561028,0.014695425,0.014847793
IcebergMap,32,1000,100000000,1000,0,0,0.021191486,0.021699038,0.021896706,0.021635999,0.022090123,0.021965754,0.021687399,0.021852566,0.021336824
LeapMap,32,1000,100000000,1000,0,0,0.040067867,0.038175267,0.038671259,0.037477368,0.037538217,0.038767788,0.037102553,0.038137757,0.037724914
OnceLockMap,32,1000,100000000,1000,0,0,0.012190964,0.012319532,0.012466229,0.012575888,0.012274363,0.012491199,0.012498679,0.013391965,0.015096989
AtomicPau,32,1000,100000000,1000,0,0,0.922376166,0.920584765,0.925350641,0.913364624,0.913552182,0.907898058,0.912851263,0.909897357,0.925951751,+1.303e-5,+0e0,+9.13537032e-1,+6e-8
LockingPau,32,1000,100000000,1000,0,0,0.853971532,0.850280358,0.851319952,0.854295746,0.852356217,0.853683445,0.858918686,0.850877958,0.855042705,+1.5249e-5,+0e0,+8.53665246e-1,+6.4e-7
ThreadLocalPau,32,1000,100000000,1000,0,0,0.009402266,0.00922573,0.00921962,0.009189469,0.009279818,0.009359266,0.009254839,0.009002612,0.009510005,+6e-8,+0e0,+6.830036e-3,+2.436603e-3
AtomicE2E,32,1000,100000000,1000,0,0,0.82850382,0.924494063,0.859342829,0.884404636,0.909267755,0.835279917,0.788728197,0.880446615,0.858929215,+2.5999e-5,+1.2012377755103143e-2,+8.46978569119611e-1,+1.336e-5
LockingE2E,32,1000,100000000,1000,0,0,0.891122542,0.887326551,0.896845985,0.898540429,0.884831008,0.889906771,0.892332524,0.894765107,0.893510886,+3.6319e-5,+1.2052532680370417e-2,+8.802118051219862e-1,+2.385e-5
ThreadLocalE2E,32,1000,100000000,1000,0,0,0.022065922,0.022501706,0.024457216,0.025609258,0.023025999,0.024401287,0.023786556,0.025812076,0.023374503,+3.2649e-5,+1.7574346271326025e-2,+3.605050728673975e-3,+2.486272e-3
PartitionedE2E,32,1000,100000000,1000,0,0,0.025995432,0.024976738,0.023334283,0.023613609,0.023322444,0.025389022,0.023195596,0.024075292,0.023588999
CuckooMap,32,10000000,100000000,10000000,0,0,0.661701548,0.645582525,0.652332202,0.656216881,0.654861473,0.653188538,0.653526643,0.657239156,0.64850296
DashMap,32,10000000,100000000,10000000,0,0,0.539706912,0.534164857,0.540963203,0.54118087,0.542376961,0.528866748,0.53194234,0.53986782,0.543582233
FolkloreMap,32,10000000,100000000,10000000,0,0,0.188686346,0.192591567,0.188277843,0.197232296,0.189397975,0.197538171,0.187873789,0.195321795,0.200651614
IcebergMap,32,10000000,100000000,10000000,0,0,0.30431136,0.28987956,0.291366497,0.290750096,0.290005798,0.29183137,0.293309158,0.295371216,0.297740219
LeapMap,32,10000000,100000000,10000000,0,0,0.282870897,0.291499365,0.280166119,0.276846279,0.281449788,0.27027395,0.279894182,0.287631014,0.288200756
OnceLockMap,32,10000000,100000000,10000000,0,0,0.250677128,0.254838195,0.255670523,0.253256509,0.239418121,0.239090956,0.24013528,0.242298187,0.240878929
AtomicPau,32,10000000,100000000,10000000,0,0,0.037015734,0.036505683,0.036902507,0.03664424,0.036989175,0.036557871,0.03734062,0.036810347,0.037393269,+5.692503e-3,+0e0,+3.0624492e-2,+6e-8
LockingPau,32,10000000,100000000,10000000,0,0,0.194009015,0.195905876,0.196976649,0.194493738,0.195388724,0.195810327,0.196067593,0.195093098,0.193843887,+4.6704976e-2,+0e0,+1.46924784e-1,+8.96396e-4
ThreadLocalPau,32,10000000,100000000,10000000,0,0,0.143803503,0.147438097,0.134622333,0.153409685,0.147768342,0.159914426,0.150077826,0.140136228,0.131144626,+6e-8,+0e0,+8.504528e-2,+5.887406e-2
AtomicE2E,32,10000000,100000000,10000000,0,0,0.251871321,0.245620206,0.258020436,0.24863538,0.254432122,0.243235152,0.249168462,0.24475635,0.245724015,+8.1845638e-2,+1.2450170614021387e-1,+3.7256011859786144e-2,+2.00788e-3
LockingE2E,32,10000000,100000000,10000000,0,0,0.352379595,0.353897412,0.357673863,0.351623736,0.350425374,0.358499101,0.350750219,0.350329145,0.354186217,+9.1912935e-2,+1.1094480207960987e-1,+1.4459542647212092e-1,+3.439498e-3
ThreadLocalE2E,32,10000000,100000000,10000000,0,0,0.244398644,0.238006213,0.254254724,0.251382068,0.255062801,0.25518245,0.248848517,0.249022304,0.265456952,+3.6955895e-2,+1.2023449709881427e-1,+3.875136176913446e-2,+5.6677854e-2
PartitionedE2E,32,10000000,100000000,10000000,0,0,0.457888792,0.436570108,0.455182653,0.42921013,0.443282525,0.453200243,0.452192379,0.444405917,0.446025883
CuckooMap,32,10000000,100000000,10000000,0.8,0,0.564075549,0.561156323,0.559358191,0.563348659,0.558109539,0.563874272,0.570357452,0.576913432,0.569642224
DashMap,32,10000000,100000000,10000000,0.8,0,0.523769785,0.524387224,0.529815853,0.521273273,0.487092215,0.461880811,0.463304748,0.46844572,0.467285308
FolkloreMap,32,10000000,100000000,10000000,0.8,0,0.174593251,0.177498327,0.175735814,0.169924273,0.17470535,0.174910306,0.170206318,0.169489409,0.163878115
IcebergMap,32,10000000,100000000,10000000,0.8,0,0.257667992,0.273577398,0.264443028,0.275624247,0.274879218,0.282383873,0.272999538,0.281214682,0.261341405
LeapMap,32,10000000,100000000,10000000,0.8,0,0.257314787,0.256098846,0.26623661,0.263992805,0.251964809,0.2531724,0.256672516,0.248486391,0.253674373
OnceLockMap,32,10000000,100000000,10000000,0.8,0,0.195037419,0.201781626,0.197293664,0.191432194,0.203168475,0.20416728,0.203894763,0.202374547,0.189160948
AtomicPau,32,10000000,100000000,10000000,0.8,0,0.115004702,0.115074851,0.114867944,0.113729772,0.114718626,0.11320044,0.113229229,0.114723336,0.114157235,+1.4517628e-2,+0e0,+9.9605498e-2,+7e-8
LockingPau,32,10000000,100000000,10000000,0.8,0,0.927330155,0.901747666,0.920786166,0.939304292,0.919868499,0.913327409,0.908913296,0.912622749,0.937812535,+4.6344042e-2,+0e0,+8.72820698e-1,+9.14036e-4
ThreadLocalPau,32,10000000,100000000,10000000,0.8,0,0.131958843,0.116113066,0.127256405,0.130513494,0.119015301,0.125376534,0.124525337,0.119669561,0.137477478,+1.8e-7,+0e0,+6.5005146e-2,+5.9690248e-2
AtomicE2E,32,10000000,100000000,10000000,0.8,0,0.205328271,0.204339807,0.216220835,0.215705743,0.209834933,0.207484949,0.216980903,0.206581542,0.213340039,+7.7109032e-2,+9.932932084199778e-2,+3.153100659362071e-2,+1.96405e-3
LockingE2E,32,10000000,100000000,10000000,0.8,0,0.549399272,0.543790408,0.544331269,0.541696499,0.545828096,0.545606339,0.550784311,0.541262376,0.544339249,+8.9544891e-2,+7.627048796291813e-2,+3.732880205417639e-1,+3.121083e-3
ThreadLocalE2E,32,10000000,100000000,10000000,0.8,0,0.22829781,0.229544181,0.215467936,0.229294565,0.218622638,0.225281656,0.226571927,0.249294349,0.225345095,+3.5476287e-2,+9.724671470488423e-2,+3.4518136544952484e-2,+5.5489712e-2
PartitionedE2E,32,10000000,100000000,10000000,0.8,0,0.412248848,0.410480365,0.412428995,0.408025803,0.426613278,0.416492893,0.415092804,0.408947929,0.415501918
CuckooMap,32,10000000,100000000,10000000,0,0.5,1.748501701,1.747092652,1.7499199380000001,1.604810757,1.600269206,1.608597229,1.604413063,1.613274127,1.6031500410000001
DashMap,32,10000000,100000000,10000000,0,0.5,6.614861088,6.5965203169999995,6.598530274,6.560048741,6.701769412,6.630159985,6.6951681,6.813027536,6.743584237
FolkloreMap,32,10000000,100000000,10000000,0,0.5,0.184730845,0.167785694,0.186112324,0.18700563,0.164923548,0.173553586,0.182931362,0.173623225,0.168036321
IcebergMap,32,10000000,100000000,10000000,0,0.5,0.242285725,0.2419799,0.240693219,0.253564503,0.235493849,0.25569641,0.249058422,0.249343757,0.237477929
LeapMap,32,10000000,100000000,10000000,0,0.5,0.256393979,0.243260591,0.256301471,0.258814743,0.26093867,0.248455941,0.245492096,0.262443077,0.255667301
OnceLockMap,32,10000000,100000000,10000000,0,0.5,0.200619232,0.212437472,0.212539999,0.206462032,0.205670726,0.208953195,0.197216955,0.198640763,0.200899368
AtomicPau,32,10000000,100000000,10000000,0,0.5,0.81354975,0.81089588,0.811264045,0.80956306,0.809884096,0.812293959,0.81155905,0.811242045,0.812425356,+2.7676347e-2,+0e0,+7.83113495e-1,+6e-8
LockingPau,32,10000000,100000000,10000000,0,0.5,13.229403332,13.194375462,13.217784647,13.200135652,13.222803191,13.190574159,13.221722757,13.188206605,13.201205752,+3.2190668e-2,+0e0,+1.3167199672e1,+9.25936e-4
ThreadLocalPau,32,10000000,100000000,10000000,0,0.5,0.125646678,0.119325095,0.121919575,0.125484031,0.115543573,0.131542758,0.107489746,0.124432127,0.114227253,+3e-8,+0e0,+6.345244e-2,+5.6618644e-2
AtomicE2E,32,10000000,100000000,10000000,0,0.5,0.876112328,0.873986921,0.875479058,0.876202827,0.877424908,0.873495209,0.863727938,0.863090428,0.8662088,+8.4091194e-2,+7.09966678315734e-2,+7.169597905954672e-1,+2.377863e-3
LockingE2E,32,10000000,100000000,10000000,0,0.5,12.242184893,12.208533314,12.225353713,12.199797411,12.246542912,12.220890332,12.216575265,11.942674233,12.268285028,+6.4865338e-2,+6.652790119584373e-2,+1.2082099835119386e1,+3.535586e-3
ThreadLocalE2E,32,10000000,100000000,10000000,0,0.5,0.23137498,0.234123138,0.225888774,0.219681769,0.217345844,0.244558148,0.234777708,0.220454237,0.22545282,+4.7466084e-2,+9.492207156738677e-2,+2.9432656432613235e-2,+5.2772942e-2
PartitionedE2E,32,10000000,100000000,10000000,0,0.5,0.255476571,0.271997208,0.25096247,0.284661654,0.323435852,0.337939569,0.295463029,0.305694523,0.311839879
CuckooMap,32,100000000,100000000,100000000,0,0,1.093397281,1.164258807,1.19345615,1.186683293,1.191337183,1.190394626,1.189280354,1.162342956,1.190275398
DashMap,32,100000000,100000000,100000000,0,0,0.847233157,0.831894542,0.915206397,0.877505713,0.879472944,0.81375372,0.781828527,0.884484657,0.778630237
FolkloreMap,32,100000000,100000000,100000000,0,0,0.503762723,0.575197949,0.403743602,0.522942479,0.525941023,0.445977646,0.496447824,0.462178679,0.512136255
IcebergMap,32,100000000,100000000,100000000,0,0,0.576927822,0.586086393,0.55418082,0.559088516,0.601131332,0.578708106,0.582674244,0.57582428,0.581300275
LeapMap,32,100000000,100000000,100000000,0,0,0.794509344,0.831043924,0.88624347,0.783482243,0.801530246,0.853600789,0.793371751,0.891059616,0.848744744
OnceLockMap,32,100000000,100000000,100000000,0,0,0.812453339,0.821401121,0.793877283,0.781769649,0.739727832,0.77442321,0.803297079,0.732411443,0.739382757
AtomicPau,32,100000000,100000000,100000000,0,0,0.161808474,0.164235247,0.163666176,0.159675176,0.159769116,0.160830499,0.163212783,0.161028576,0.163159413,+6.0692021e-2,+0e0,+9.5316962e-2,+5e-8
LockingPau,32,100000000,100000000,100000000,0,0,0.364799198,0.358851429,0.348597936,0.346666056,0.347139638,0.347948616,0.352027924,0.364151388,0.364255016,+1.36679889e-1,+0e0,+2.0523848e-1,+3.670684e-3
ThreadLocalPau,32,100000000,100000000,100000000,0,0,0.696346975,0.882079233,0.833186691,0.866242226,0.730589051,0.853283564,0.805947508,0.852691883,0.872932033,+6e-8,+0e0,+2.85895695e-1,+5.4311559e-1
AtomicE2E,32,100000000,100000000,100000000,0,0,0.618764172,0.589959902,0.571947159,0.570807536,0.537976338,0.635507386,0.548812842,0.549089108,0.575308127,+2.87938154e-1,+2.1340152597402529e-1,+3.4400939979021376e-2,+2.3551169e-2
LockingE2E,32,100000000,100000000,100000000,0,0,0.716485257,0.757121875,0.677122299,0.694576352,0.71625737,0.743186968,0.704129206,0.695176143,0.697804613,+3.41357747e-1,+2.2044916708548445e-1,+1.0604006408810278e-1,+3.1864112e-2
ThreadLocalE2E,32,100000000,100000000,100000000,0,0,1.032349283,1.023356901,1.022368976,1.054012032,1.027059524,0.983315864,1.046509977,1.084637013,0.994535542,+2.36858566e-1,+2.8939362703936633e-1,+5.2404611747186323e-2,+4.3387499e-1
PartitionedE2E,32,100000000,100000000,100000000,0,0,0.640764105,0.663169063,0.625746545,0.664335525,0.665903432,0.661399089,0.661294572,0.673913107,0.696631711
AtomicE2E,1,1000,100000000,1000,0.8,0,0.6044151,0.600207416,0.60064405,0.591218919,0.604498248,0.600817607,0.601165702,0.602454591,0.60375139,+2.431e-5,+3.520455240406138e-1,+2.4944544974475524e-1,+3.111e-6
ThreadLocalE2E,1,1000,100000000,1000,0.8,0,0.437799856,0.432684947,0.439756365,0.43945144,0.427608917,0.43691287,0.436033364,0.437990303,0.440254087,+2.54e-5,+3.538385246627064e-1,+8.339062333311775e-2,+3.23774e-4
PartitionedE2E,1,1000,100000000,1000,0.8,0,0.559384824,0.560510267,0.560500736,0.557952647,0.558514139,0.558425009,0.558069976,0.556744416,0.558334151
AtomicE2E,1,1000,100000000,1000,0,0.5,0.573902654,0.578266054,0.577434327,0.578177796,0.575828563,0.575906311,0.576029799,0.575974481,0.576964064,+2.377e-5,+3.2460117913237424e-1,+2.5149439044870264e-1,+3.27e-6
ThreadLocalE2E,1,1000,100000000,1000,0,0.5,0.411982366,0.414162571,0.41610407,0.413760367,0.416841848,0.413163387,0.417033385,0.414600764,0.405322371,+2.254e-5,+3.269988031470646e-1,+8.674789374287571e-2,+3.23885e-4
PartitionedE2E,1,1000,100000000,1000,0,0.5,0.534304812,0.53630211,0.535566162,0.53636648,0.536421288,0.54576552,0.536041485,0.545043231,0.536624365
AtomicE2E,1,100000000,100000000,100000000,0.8,0,3.232755392,3.207940073,3.217093505,3.22410988,3.229618686,3.229006219,3.209919576,3.217198229,3.224044767,+2.42457456e-1,+2.253791001993942e0,+7.117139901880837e-1,+9.383209e-3
ThreadLocalE2E,1,100000000,100000000,100000000,0.8,0,3.024340846,3.054451226,3.057299944,3.031680601,3.042159524,3.049305422,3.058575082,3.036206835,3.039841944,+2.09964934e-1,+2.244425456248842e0,+5.723651633204677e-1,+9.511627e-3
PartitionedE2E,1,100000000,100000000,100000000,0.8,0,6.251495922,6.333659629,6.293330468,6.320591843,6.298228501,6.288266118,6.265441127,6.336615891,6.308757306
AtomicE2E,1,100000000,100000000,100000000,0,0.5,2.919355953,2.927250587,2.928990709,2.876547267,2.878224651,2.877003496,2.908153187,2.916013862,2.923008999,+2.42945949e-1,+2.0893448351398347e0,+5.659580299701155e-1,+9.342916e-3
ThreadLocalE2E,1,100000000,100000000,100000000,0,0.5,2.6870694999999998,2.671645503,2.691004416,2.690520665,2.691473533,2.68560124,2.715335783,2.689710144,2.7039251220000002,+2.08665151e-1,+2.0715180447073513e0,+3.940918512996538e-1,+9.569002e-3
PartitionedE2E,1,100000000,100000000,100000000,0,0.5,4.265439896,4.250397761,4.246190279,4.263126202,4.254404656,4.269064111,4.269247298,4.26763066,4.268352039
AtomicE2E,2,1000,100000000,1000,0.8,0,0.821932581,0.647866465,0.727399775,0.663702222,0.661801309,0.770517864,0.664465398,0.605386018,0.668714614,+2.303e-5,+1.744191167017605e-1,+4.9018967529136936e-1,+5.24e-6
ThreadLocalE2E,2,1000,100000000,1000,0.8,0,0.224128023,0.224568607,0.221839666,0.219021517,0.219839625,0.228243062,0.215002816,0.21532302,0.224397588,+2.181e-5,+1.7899151484335388e-1,+4.249673700356226e-2,+3.19485e-4
PartitionedE2E,2,1000,100000000,1000,0.8,0,0.287675855,0.280791845,0.279973287,0.28246969,0.288317665,0.279883608,0.294479234,0.27967274,0.285517785
AtomicE2E,2,1000,100000000,1000,0,0.5,0.313613114,0.320167208,0.319658865,0.32002239,0.306326889,0.322652591,0.305405902,0.344409363,0.343167341,+2.2879e-5,+1.6179169817809236e-1,+1.5785939825217157e-1,+8.06e-6
ThreadLocalE2E,2,1000,100000000,1000,0,0.5,0.21095022,0.209479111,0.211765258,0.21023862,0.211755788,0.204082951,0.20823025,0.214020015,0.207151705,+2.152e-5,+1.6489686960703562e-1,+4.424337349661918e-2,+3.16776e-4
PartitionedE2E,2,1000,100000000,1000,0,0.5,0.277927311,0.275021624,0.272294592,0.273763002,0.278492852,0.270066415,0.273423086,0.278461883,0.269230127
AtomicE2E,2,100000000,100000000,100000000,0.8,0,2.011929485,2.027869263,2.011042802,2.003134349,2.007339579,2.013277324,1.981811597,2.005090558,2.002510987,+2.59279502e-1,+1.346729086405913e0,+3.8509539329792974e-1,+9.261354e-3
ThreadLocalE2E,2,100000000,100000000,100000000,0.8,0,1.891071772,1.9208625179999999,1.887156485,1.886488458,1.911162999,1.9051364899999998,1.9131918140000002,1.886129725,1.8787341770000001,+2.20390416e-1,+1.3382573187108846e0,+2.911355410804156e-1,+4.2732491e-2
PartitionedE2E,2,100000000,100000000,100000000,0.8,0,3.135978131,3.139774776,3.161458119,3.136635456,3.143010044,3.145839874,3.131505878,3.153050251,3.15196728
AtomicE2E,2,100000000,100000000,100000000,0,0.5,1.889219775,1.89050111,1.885591966,1.906572629,1.8958256420000001,1.8977997869999998,1.913845623,1.917106838,1.911264418,+2.52451891e-1,+1.2854942003052081e0,+3.472951220863877e-1,+9.355692e-3
ThreadLocalE2E,2,100000000,100000000,100000000,0,0.5,1.7261005900000002,1.748229137,1.7460552150000002,1.7542333989999999,1.764381762,1.763363212,1.769662984,1.745467408,1.734138291,+2.0822347e-1,+1.2825210019250601e0,+2.0343577091310627e-1,+5.0403702e-2
PartitionedE2E,2,100000000,100000000,100000000,0,0.5,2.190065071,2.188074073,2.179511023,2.1745054,2.1767533390000002,2.176999217,2.190798455,2.18520048,2.17795599
AtomicE2E,4,1000,100000000,1000,0.8,0,2.062329155,2.056676843,2.070377693,2.008308731,2.047177956,2.037210598,2.063110525,2.067983496,2.089168524,+2.4019e-5,+8.704714087407103e-2,+1.975462415714183e0,+4.46e-6
ThreadLocalE2E,4,1000,100000000,1000,0.8,0,0.114999613,0.10980308,0.123361878,0.110143656,0.132207036,0.119988059,0.118212145,0.128704778,0.110985843,+2.1959e-5,+9.572536165185916e-2,+2.218453734814083e-2,+2.84706e-4
PartitionedE2E,4,1000,100000000,1000,0.8,0,0.148367365,0.146875307,0.159088494,0.152575312,0.1479777,0.146509962,0.147563296,0.146888547,0.142458723
AtomicE2E,4,1000,100000000,1000,0,0.5,1.319809531,1.360408311,1.352732594,1.376634964,1.354978345,1.3474492439999999,1.392724405,1.377888563,1.388071399,+2.4509e-5,+8.066694734161958e-2,+1.2797062346583803e0,+6.99e-6
ThreadLocalE2E,4,1000,100000000,1000,0,0.5,0.102091463,0.105843307,0.108776023,0.114038694,0.123268996,0.102309639,0.134310341,0.123495273,0.107130567,+1.899e-5,+8.574194589138687e-2,+2.2745351108613126e-2,+2.34876e-4
PartitionedE2E,4,1000,100000000,1000,0,0.5,0.147856908,0.142629586,0.162461379,0.142138644,0.152453339,0.140224882,0.139609871,0.155996956,0.145281286
AtomicE2E,4,100000000,100000000,100000000,0.8,0,1.378531464,1.381130452,1.381012872,1.38425843,1.34270293,1.3536651530000001,1.372200254,1.30218259,1.353280542,+2.70678726e-1,+8.855327207502054e-1,+1.9737313722731936e-1,+9.464408e-3
ThreadLocalE2E,4,100000000,100000000,100000000,0.8,0,1.296998126,1.359767192,1.351447804,1.208658853,1.332988277,1.2893244990000001,1.354346461,1.355114188,1.3552177429999999,+2.23389399e-1,+8.921260358541975e-1,+1.526340329516854e-1,+6.2256097e-2
PartitionedE2E,4,100000000,100000000,100000000,0.8,0,1.8148735,1.806430602,1.675841439,1.8102960860000001,1.654359115,1.818007432,1.68072649,1.680058678,1.66965678
AtomicE2E,4,100000000,100000000,100000000,0,0.5,1.385394513,1.248093355,1.4129992439999999,1.408460849,1.4318098940000001,1.385091816,1.400037008,1.392557498,1.246015602,+2.74720836e-1,+8.371257992341091e-1,+2.6520329099045264e-1,+9.592926e-3
ThreadLocalE2E,4,100000000,100000000,100000000,0,0.5,1.27351803,1.256619913,1.263149973,1.301127669,1.280396898,1.246322481,1.283061734,1.290365873,1.248716738,+2.23697959e-1,+8.649024225670828e-1,+1.085613979612375e-1,+6.2830693e-2
PartitionedE2E,4,100000000,100000000,100000000,0,0.5,1.2442725079999999,1.28708976,1.2956115289999999,1.161350213,1.359977475,1.244566943,1.244445514,1.371663742,1.2882236
AtomicE2E,8,1000,100000000,1000,0.8,0,1.995494407,2.00497488,1.987250583,2.005329405,1.9987001009999998,2.009826878,1.9994421500000001,1.998878615,1.997665678,+2.216e-5,+4.371667006679219e-2,+1.9551101588455833e0,+9.87e-6
ThreadLocalE2E,8,1000,100000000,1000,0.8,0,0.071942073,0.065092076,0.074030511,0.065930063,0.068702762,0.072077859,0.074508733,0.072173179,0.075074455,+2.7989e-5,+5.8067542210485046e-2,+1.3459437393914076e-2,+4.71073e-4
PartitionedE2E,8,1000,100000000,1000,0.8,0,0.072343106,0.070870669,0.081428948,0.071982752,0.071891553,0.072504124,0.072980596,0.077120744,0.071110664
AtomicE2E,8,1000,100000000,1000,0,0.5,1.7344958400000001,1.747775056,1.734597892,1.733934739,1.711331737,1.822850707,1.8297911770000002,1.8391899409999999,1.820632579,+2.165e-5,+4.033741183033768e-2,+1.7074518022063614e0,+1.016e-5
ThreadLocalE2E,8,1000,100000000,1000,0,0.5,0.063798154,0.065784913,0.057974582,0.064109649,0.059471429,0.069741153,0.066413923,0.064425615,0.070443783,+2.9389e-5,+5.057524169887239e-2,+1.3342984054024995e-2,+4.79063e-4
PartitionedE2E,8,1000,100000000,1000,0,0.5,0.06730766,0.0687066,0.066856807,0.076957825,0.070962845,0.072209096,0.07596628,0.071131392,0.067019835
AtomicE2E,8,100000000,100000000,100000000,0.8,0,0.958726115,0.980956098,0.994368343,0.909450939,0.913105282,0.97067252,1.018358745,0.978152764,0.956111877,+3.07754516e-1,+5.373748619735083e-1,+1.0152213809893787e-1,+1.6636918e-2
ThreadLocalE2E,8,100000000,100000000,100000000,0.8,0,0.993575996,1.02544861,0.95878189,0.9416741,0.990198552,0.952407605,0.905030622,0.901760961,0.96043766,+2.26067751e-1,+5.221770019316756e-1,+8.424899931696621e-2,+1.07221564e-1
PartitionedE2E,8,100000000,100000000,100000000,0.8,0,0.992824415,0.96609846,1.013070755,0.94093022,1.007031136,1.013063852,0.978810871,1.058167986,0.965475013
AtomicE2E,8,100000000,100000000,100000000,0,0.5,1.059913304,1.050411518,1.037155898,1.040265979,1.032021703,1.052562941,1.035168823,0.994439781,1.051582271,+2.99246535e-1,+4.7232223655512473e-1,+2.533428625325148e-1,+1.778649e-2
ThreadLocalE2E,8,100000000,100000000,100000000,0,0.5,0.956592932,0.978725475,0.992927918,0.912299123,0.902282704,0.916317229,0.916664284,0.912734373,0.92208226,+2.26383148e-1,+5.136182681294024e-1,+6.046722897929468e-2,+1.08594259e-1
PartitionedE2E,8,100000000,100000000,100000000,0,0.5,0.73386146,0.794126762,0.8218616,0.774744576,0.773933857,0.761333139,0.806319824,0.807125722,0.773005819
AtomicE2E,16,1000,100000000,1000,0.8,0,1.4081140890000001,1.400578653,1.418057795,1.424649723,1.420006061,1.410461335,1.412146948,1.412967123,1.4127900740000001,+2.399e-5,+2.2045510587456834e-2,+1.3907025728574083e0,+1.141e-5
ThreadLocalE2E,16,1000,100000000,1000,0.8,0,0.04467241,0.043755533,0.039691846,0.04465218,0.039501378,0.038626192,0.040126209,0.04002411,0.035400831,+3.258e-5,+3.1816337170455074e-2,+7.30853098116906e-3,+9.59885e-4
PartitionedE2E,16,1000,100000000,1000,0.8,0,0.041959491,0.040261727,0.038280357,0.041473078,0.039860563,0.042597401,0.039526118,0.041331101,0.039746954
AtomicE2E,16,1000,100000000,1000,0,0.5,1.420859253,1.422327679,1.424105049,1.4247073590000001,1.423963089,1.463151969,1.470945458,1.4693783009999999,1.474451841,+2.306e-5,+2.030644298851358e-2,+1.4043669093699205e0,+1.1759e-5
ThreadLocalE2E,16,1000,100000000,1000,0,0.5,0.037658425,0.042878917,0.041128833,0.045137751,0.042758139,0.04129757,0.036210718,0.040051149,0.041640625,+2.864e-5,+3.205063393637053e-2,+8.32657184484414e-3,+9.45725e-4
PartitionedE2E,16,1000,100000000,1000,0,0.5,0.039863993,0.038778088,0.038178828,0.037307201,0.039657286,0.038767289,0.037534187,0.039155513,0.039944111
AtomicE2E,16,100000000,100000000,100000000,0.8,0,0.633775915,0.608099187,0.628306058,0.625976263,0.590507433,0.688885154,0.596404393,0.609808109,0.664662071,+2.86804445e-1,+2.5965428124862633e-1,+5.28183722762763e-2,+1.7111079e-2
ThreadLocalE2E,16,100000000,100000000,100000000,0.8,0,0.843059538,0.800034984,0.815778993,0.802804781,0.8309986,0.793536481,0.754471326,0.736467872,0.751022439,+2.33619755e-1,+3.179646317305777e-1,+5.238775726942232e-2,+1.80829272e-1
PartitionedE2E,16,100000000,100000000,100000000,0.8,0,0.683096404,0.672330026,0.674024322,0.659127798,0.679543436,0.687678901,0.652227923,0.666047311,0.680950363
AtomicE2E,16,100000000,100000000,100000000,0,0.5,1.051237146,1.022875128,1.044131993,1.020981165,1.025149871,1.029902437,1.047881172,1.036363697,1.050256964,+2.95775372e-1,+2.2345055329435332e-1,+4.855072957056467e-1,+2.0196131e-2
ThreadLocalE2E,16,100000000,100000000,100000000,0,0.5,0.741693337,0.739933102,0.760455549,0.738434244,0.838024802,0.831706388,0.795446512,0.792108533,0.754570356,+2.31264736e-1,+2.928687218163264e-1,+3.9061965232456114e-2,+1.84445611e-1
PartitionedE2E,16,100000000,100000000,100000000,0,0.5,0.539792608,0.570965041,0.562587299,0.568874022,0.571467203,0.543191584,0.552045469,0.568482418,0.555589484
AtomicE2E,32,1000,100000000,1000,0.8,0,1.040971969,1.040854139,1.056644488,1.055027221,1.022185653,1.045294449,1.025396282,1.041768731,1.0554667,+2.62e-5,+1.1163849404194133e-2,+1.0305688746689063e0,+1.47e-5
ThreadLocalE2E,32,1000,100000000,1000,0.8,0,0.022811031,0.023252824,0.024964268,0.026256648,0.025104676,0.022964789,0.023154855,0.023902614,0.022690752,+4.0919e-5,+1.692512808653088e-2,+3.7857629778340627e-3,+2.532751e-3
PartitionedE2E,32,1000,100000000,1000,0.8,0,0.024999828,0.026061882,0.025677117,0.02549318,0.023213465,0.024876379,0.02289759,0.023673418,0.024043272
AtomicE2E,32,1000,100000000,1000,0,0.5,1.165162627,1.165228846,1.165528319,1.166369966,1.1668173880000001,1.163904201,1.167335499,1.166236914,1.165852229,+2.4419e-5,+1.0394764020161151e-2,+1.1554236966886022e0,+1.382e-5
ThreadLocalE2E,32,1000,100000000,1000,0,0.5,0.023002088,0.021967893,0.024212949,0.023057147,0.02422367,0.024211919,0.024586343,0.025303733,0.023257784,+3.0349e-5,+1.718023141841322e-2,+4.295480121055146e-3,+2.5815e-3
PartitionedE2E,32,1000,100000000,1000,0,0.5,0.025869554,0.025081006,0.024907788,0.023732207,0.023879634,0.02350589,0.023367382,0.023598089,0.023037447
AtomicE2E,32,100000000,100000000,100000000,0.8,0,0.493367804,0.491360655,0.54190996,0.532581323,0.559023868,0.474205857,0.523662019,0.523838917,0.497494819,+2.87161032e-1,+1.698400803365085e-1,+2.7754523663491522e-2,+1.9180556e-2
ThreadLocalE2E,32,100000000,100000000,100000000,0.8,0,0.849373339,0.854898993,0.841594416,0.855608501,0.87198065,0.860258699,0.872129146,0.813249288,0.8567798,+2.38937059e-1,+1.8537093427936568e-1,+4.400695072063431e-2,+3.62940319e-1
PartitionedE2E,32,100000000,100000000,100000000,0.8,0,0.589832291,0.592039135,0.585640924,0.577796433,0.590365571,0.567416082,0.649101571,0.564029354,0.577423599
AtomicE2E,32,100000000,100000000,100000000,0,0.5,1.1260738240000001,1.130300718,1.133728715,1.104131739,1.136041478,1.130255466,1.1352364879999999,1.106965641,1.115132195,+3.08209934e-1,+1.0887493503054353e-1,+6.715108432831465e-1,+2.8154318e-2
ThreadLocalE2E,32,100000000,100000000,100000000,0,0.5,0.791537186,0.805227756,0.884439371,0.803070718,0.761540346,0.744550235,0.862163421,0.868102649,0.880867922,+2.39774272e-1,+1.598810520592033e-1,+3.462350394079671e-2,+3.37342465e-1
PartitionedE2E,32,100000000,100000000,100000000,0,0.5,0.384590318,0.387824788,0.378239125,0.366016522,0.353708322,0.375459487,0.387527152,0.401490558,0.390874821
